first_name,second_name,web_name,id,team,total_points,dreamteam_count,element_type,in_dreamteam,now_cost,points_per_game,minutes,goals_scored,assists,clean_sheets,goals_conceded,own_goals,penalties_saved,penalties_missed,yellow_cards,red_cards,saves,bonus,bps,influence,creativity,threat,ict_index
Laurent,Koscielny,Koscielny,7,1,0,0,2,FALSE,50,0,0,0,0,0,0,0,0,0,0,0,0,0,0,0,0,0,0
Konstantinos,Mavropanos,Mavropanos,8,1,0,0,2,FALSE,43,0,0,0,0,0,0,0,0,0,0,0,0,0,0,0,0,0,0
Carl,Jenkinson,Jenkinson,9,1,0,0,2,FALSE,45,0,0,0,0,0,0,0,0,0,0,0,0,0,0,0,0,0,0
Tyreece,John-Jules,John-Jules,585,1,0,0,4,FALSE,44,0,0,0,0,0,0,0,0,0,0,0,0,0,0,0,0,0,0
Zech,Medley,Medley,636,1,0,0,2,FALSE,40,0,0,0,0,0,0,0,0,0,0,0,0,0,0,0,0,0,0
Matt,Macey,Macey,646,1,0,0,1,FALSE,40,0,0,0,0,0,0,0,0,0,0,0,0,0,0,0,0,0,0
Matthew,Smith,Smith,647,1,0,0,2,FALSE,40,0,0,0,0,0,0,0,0,0,0,0,0,0,0,0,0,0,0
James,Chester,Chester,23,2,0,0,2,FALSE,42,0,0,0,0,0,0,0,0,0,0,0,0,0,0,0,0,0,0
Andre,Green,Green,32,2,0,0,3,FALSE,48,0,0,0,0,0,0,0,0,0,0,0,0,0,0,0,0,0,0
Birkir,Bjarnason,Bjarnason,33,2,0,0,3,FALSE,45,0,0,0,0,0,0,0,0,0,0,0,0,0,0,0,0,0,0
Lovre,Kalinic,Kalinic,474,2,0,0,1,FALSE,42,0,0,0,0,0,0,0,0,0,0,0,0,0,0,0,0,0,0
Kaine,Hayden,Hayden,659,2,0,0,3,FALSE,45,0,0,0,0,0,0,0,0,0,0,0,0,0,0,0,0,0,0
Asmir,Begovic,Begovic,72,3,0,0,1,FALSE,42,0,0,0,0,0,0,0,0,0,0,0,0,0,0,0,0,0,0
Artur,Boruc,Boruc,73,3,0,0,1,FALSE,42,0,0,0,0,0,0,0,0,0,0,0,0,0,0,0,0,0,0
Christian,Saydee,Saydee,564,3,0,0,3,FALSE,45,0,0,0,0,0,0,0,0,0,0,0,0,0,0,0,0,0,0
Gavin,Kilkenny,Kilkenny,565,3,0,0,3,FALSE,45,0,0,0,0,0,0,0,0,0,0,0,0,0,0,0,0,0,0
Mihai-Alexandru,Dobre,Dobre,574,3,0,0,3,FALSE,44,0,0,0,0,0,0,0,0,0,0,0,0,0,0,0,0,0,0
Leon,Balogun,Balogun,40,4,0,0,2,FALSE,43,0,0,0,0,0,0,0,0,0,0,0,0,0,0,0,0,0,0
Matthew,Clarke,Clarke,43,4,0,0,2,FALSE,43,0,0,0,0,0,0,0,0,0,0,0,0,0,0,0,0,0,0
José Heriberto,Izquierdo Mena,Izquierdo,51,4,0,0,3,FALSE,54,0,0,0,0,0,0,0,0,0,0,0,0,0,0,0,0,0,0
Anthony,Knockaert,Knockaert,52,4,0,0,3,FALSE,53,0,0,0,0,0,0,0,0,0,0,0,0,0,0,0,0,0,0
Tudor,Baluta,Baluta,536,4,0,0,2,FALSE,40,0,0,0,0,0,0,0,0,0,0,0,0,0,0,0,0,0,0
Alex,Cochrane,Cochrane,666,4,0,0,2,FALSE,40,0,0,0,0,0,0,0,0,0,0,0,0,0,0,0,0,0,0
Joe,Hart,Hart,95,5,0,0,1,FALSE,42,0,0,0,0,0,0,0,0,0,0,0,0,0,0,0,0,0,0
Steven,Defour,Defour,99,5,0,0,3,FALSE,55,0,0,0,0,0,0,0,0,0,0,0,0,0,0,0,0,0,0
Bailey,Peacock-Farrell,Peacock-Farrell,495,5,0,0,1,FALSE,43,0,0,0,0,0,0,0,0,0,0,0,0,0,0,0,0,0,0
Mace,Goodridge,Goodridge,571,5,0,0,3,FALSE,45,0,0,0,0,0,0,0,0,0,0,0,0,0,0,0,0,0,0
Abd-Al-Ali Morakinyo Olaposi,Koiki,Koiki,596,5,0,0,2,FALSE,40,0,0,0,0,0,0,0,0,0,0,0,0,0,0,0,0,0,0
Jimmy,Dunne,Dunne,638,5,0,0,2,FALSE,40,0,0,0,0,0,0,0,0,0,0,0,0,0,0,0,0,0,0
Bobby,Thomas,Thomas,639,5,0,0,2,FALSE,40,0,0,0,0,0,0,0,0,0,0,0,0,0,0,0,0,0,0
Lukas,Jensen,Jensen,641,5,0,0,1,FALSE,40,0,0,0,0,0,0,0,0,0,0,0,0,0,0,0,0,0,0
Josh,Benson,Benson,653,5,0,0,3,FALSE,45,0,0,0,0,0,0,0,0,0,0,0,0,0,0,0,0,0,0
Joel,Mumbongo,Mumbongo,665,5,0,0,4,FALSE,45,0,0,0,0,0,0,0,0,0,0,0,0,0,0,0,0,0,0
Davide,Zappacosta,Zappacosta,109,6,0,0,2,FALSE,42,0,0,0,0,0,0,0,0,0,0,0,0,0,0,0,0,0,0
Ethan,Ampadu,Ampadu,121,6,0,0,3,FALSE,43,0,0,0,0,0,0,0,0,0,0,0,0,0,0,0,0,0,0
Robert Kenedy,Nunes do Nascimento,Kenedy,462,6,0,0,3,FALSE,52,0,0,0,0,0,0,0,0,0,0,0,0,0,0,0,0,0,0
Addji Keaninkin Marc-Israel,Guehi,Guehi,545,6,0,0,2,FALSE,39,0,0,0,0,0,0,0,0,0,0,0,0,0,0,0,0,0,0
Lewis,Bate,Bate,657,6,0,0,3,FALSE,45,0,0,0,0,0,0,0,0,0,0,0,0,0,0,0,0,0,0
Luke,Dreher,Dreher,140,7,0,0,3,FALSE,43,0,0,0,0,0,0,0,0,0,0,0,0,0,0,0,0,0,0
Stephen,Henderson,Henderson,556,7,0,0,1,FALSE,40,0,0,0,0,0,0,0,0,0,0,0,0,0,0,0,0,0,0
Sam,Woods,Woods,578,7,0,0,2,FALSE,39,0,0,0,0,0,0,0,0,0,0,0,0,0,0,0,0,0,0
James,Daly,Daly,581,7,0,0,4,FALSE,45,0,0,0,0,0,0,0,0,0,0,0,0,0,0,0,0,0,0
Nya,Kirby,Kirby,588,7,0,0,3,FALSE,45,0,0,0,0,0,0,0,0,0,0,0,0,0,0,0,0,0,0
Giovanni,McGregor,McGregor,608,7,0,0,3,FALSE,45,0,0,0,0,0,0,0,0,0,0,0,0,0,0,0,0,0,0
Nikola,Tavares,Tavares,635,7,0,0,2,FALSE,40,0,0,0,0,0,0,0,0,0,0,0,0,0,0,0,0,0,0
John-Kymani,Gordon,Gordon,668,7,0,0,3,FALSE,45,0,0,0,0,0,0,0,0,0,0,0,0,0,0,0,0,0,0
Ademola,Lookman,Lookman,155,8,0,0,3,FALSE,50,0,0,0,0,0,0,0,0,0,0,0,0,0,0,0,0,0,0
Idrissa,Gueye,Gueye,156,8,0,0,3,FALSE,50,0,0,0,0,0,0,0,0,0,0,0,0,0,0,0,0,0,0
Lewis,Gibson,Gibson,477,8,0,0,2,FALSE,42,0,0,0,0,0,0,0,0,0,0,0,0,0,0,0,0,0,0
Jonas,Lössl,Lössl,479,8,0,0,1,FALSE,42,0,0,0,0,0,0,0,0,0,0,0,0,0,0,0,0,0,0
Beni,Baningime,Baningime,557,8,0,0,3,FALSE,44,0,0,0,0,0,0,0,0,0,0,0,0,0,0,0,0,0,0
Rhu-endly,Martina,Cuco Martina,577,8,0,0,2,FALSE,40,0,0,0,0,0,0,0,0,0,0,0,0,0,0,0,0,0,0
João Manuel,Neves Virgínia,Virgínia,629,8,0,0,1,FALSE,40,0,0,0,0,0,0,0,0,0,0,0,0,0,0,0,0,0,0
Ellis,Simms,Simms,667,8,0,0,4,FALSE,45,0,0,0,0,0,0,0,0,0,0,0,0,0,0,0,0,0,0
Eldin,Jakupovic,Jakupovic,169,9,0,0,1,FALSE,42,0,0,0,0,0,0,0,0,0,0,0,0,0,0,0,0,0,0
Danny,Ward,Ward,170,9,0,0,1,FALSE,42,0,0,0,0,0,0,0,0,0,0,0,0,0,0,0,0,0,0
Rachid,Ghezzal,Ghezzal,173,9,0,0,3,FALSE,51,0,0,0,0,0,0,0,0,0,0,0,0,0,0,0,0,0,0
Filip,Benkovic,Benkovic,597,9,0,0,2,FALSE,39,0,0,0,0,0,0,0,0,0,0,0,0,0,0,0,0,0,0
Darnell,Johnson,Johnson,662,9,0,0,2,FALSE,40,0,0,0,0,0,0,0,0,0,0,0,0,0,0,0,0,0,0
Simon,Mignolet,Mignolet,190,10,0,0,1,FALSE,45,0,0,0,0,0,0,0,0,0,0,0,0,0,0,0,0,0,0
Rafael,Camacho,Camacho,201,10,0,0,3,FALSE,45,0,0,0,0,0,0,0,0,0,0,0,0,0,0,0,0,0,0
Andy,Lonergan,Lonergan,530,10,0,0,1,FALSE,42,0,0,0,0,0,0,0,0,0,0,0,0,0,0,0,0,0,0
Caoimhin,Kelleher,Kelleher,531,10,0,0,1,FALSE,44,0,0,0,0,0,0,0,0,0,0,0,0,0,0,0,0,0,0
Nathaniel,Phillips,Phillips,589,10,0,0,2,FALSE,39,0,0,0,0,0,0,0,0,0,0,0,0,0,0,0,0,0,0
Ki-Jana,Hoever,Hoever,628,10,0,0,2,FALSE,39,0,0,0,0,0,0,0,0,0,0,0,0,0,0,0,0,0,0
Danilo Luiz,da Silva,Danilo,209,11,0,0,2,FALSE,50,0,0,0,0,0,0,0,0,0,0,0,0,0,0,0,0,0,0
Scott,Carson,Carson,562,11,0,0,1,FALSE,40,0,0,0,0,0,0,0,0,0,0,0,0,0,0,0,0,0,0
Taylor,Harwood-Bellis,Harwood-Bellis,642,11,0,0,2,FALSE,40,0,0,0,0,0,0,0,0,0,0,0,0,0,0,0,0,0,0
Cole,Palmer,Palmer,643,11,0,0,3,FALSE,45,0,0,0,0,0,0,0,0,0,0,0,0,0,0,0,0,0,0
Chris,Smalling,Smalling,223,12,0,0,2,FALSE,52,0,0,0,0,0,0,0,0,0,0,0,0,0,0,0,0,0,0
Matteo,Darmian,Darmian,230,12,0,0,2,FALSE,49,0,0,0,0,0,0,0,0,0,0,0,0,0,0,0,0,0,0
Romelu,Lukaku,Lukaku,232,12,0,0,4,FALSE,85,0,0,0,0,0,0,0,0,0,0,0,0,0,0,0,0,0,0
Sergio,Romero,Romero,236,12,0,0,1,FALSE,46,0,0,0,0,0,0,0,0,0,0,0,0,0,0,0,0,0,0
Lee,Grant,Grant,237,12,0,0,1,FALSE,47,0,0,0,0,0,0,0,0,0,0,0,0,0,0,0,0,0,0
Alexis,Sánchez,Sánchez,240,12,0,0,3,FALSE,68,0,0,0,0,0,0,0,0,0,0,0,0,0,0,0,0,0,0
Jose Luis,Mato Sanmartín,Joselu,261,13,0,0,4,FALSE,50,0,0,0,0,0,0,0,0,0,0,0,0,0,0,0,0,0,0
Karl,Darlow,Darlow,263,13,0,0,1,FALSE,43,0,0,0,0,0,0,0,0,0,0,0,0,0,0,0,0,0,0
Frederick,Woodman,Woodman,264,13,0,0,1,FALSE,39,0,0,0,0,0,0,0,0,0,0,0,0,0,0,0,0,0,0
Jack,Colback,Colback,482,13,0,0,3,FALSE,43,0,0,0,0,0,0,0,0,0,0,0,0,0,0,0,0,0,0
Jacob,Murphy,Murphy,483,13,0,0,3,FALSE,47,0,0,0,0,0,0,0,0,0,0,0,0,0,0,0,0,0,0
Rolando,Aarons,Aarons,499,13,0,0,3,FALSE,48,0,0,0,0,0,0,0,0,0,0,0,0,0,0,0,0,0,0
Robert,Elliot,Elliot,573,13,0,0,1,FALSE,40,0,0,0,0,0,0,0,0,0,0,0,0,0,0,0,0,0,0
Thomas,Allan,Allan,598,13,0,0,3,FALSE,45,0,0,0,0,0,0,0,0,0,0,0,0,0,0,0,0,0,0
Liam,Gibson,Gibson,610,13,0,0,2,FALSE,40,0,0,0,0,0,0,0,0,0,0,0,0,0,0,0,0,0,0
Jack,Young,Young,656,13,0,0,3,FALSE,45,0,0,0,0,0,0,0,0,0,0,0,0,0,0,0,0,0,0
Archie,Mair,Mair,551,14,0,0,1,FALSE,40,0,0,0,0,0,0,0,0,0,0,0,0,0,0,0,0,0,0
Daniel,Adshead,Adshead,669,14,0,0,3,FALSE,45,0,0,0,0,0,0,0,0,0,0,0,0,0,0,0,0,0,0
Jake,Eastwood,Eastwood,299,15,0,0,1,FALSE,43,0,0,0,0,0,0,0,0,0,0,0,0,0,0,0,0,0,0
Mark,Duffy,Duffy,300,15,0,0,3,FALSE,52,0,0,0,0,0,0,0,0,0,0,0,0,0,0,0,0,0,0
Michael,Verrips,Verrips,521,15,0,0,1,FALSE,44,0,0,0,0,0,0,0,0,0,0,0,0,0,0,0,0,0,0
Panagiotis,Retsos,Retsos,625,15,0,0,2,FALSE,45,0,0,0,0,0,0,0,0,0,0,0,0,0,0,0,0,0,0
Kayne,Ramsay,Ramsay,311,16,0,0,2,FALSE,39,0,0,0,0,0,0,0,0,0,0,0,0,0,0,0,0,0,0
Charlie,Austin,Austin,312,16,0,0,4,FALSE,60,0,0,0,0,0,0,0,0,0,0,0,0,0,0,0,0,0,0
Sam,Gallagher,Gallagher,316,16,0,0,4,FALSE,45,0,0,0,0,0,0,0,0,0,0,0,0,0,0,0,0,0,0
Fraser,Forster,Forster,317,16,0,0,1,FALSE,42,0,0,0,0,0,0,0,0,0,0,0,0,0,0,0,0,0,0
Mohamed,Elyounoussi,Elyounoussi,322,16,0,0,3,FALSE,52,0,0,0,0,0,0,0,0,0,0,0,0,0,0,0,0,0,0
Mario,Lemina,Lemina,324,16,0,0,3,FALSE,46,0,0,0,0,0,0,0,0,0,0,0,0,0,0,0,0,0,0
Tyreke,Johnson,Johnson,326,16,0,0,3,FALSE,44,0,0,0,0,0,0,0,0,0,0,0,0,0,0,0,0,0,0
Callum,Slattery,Slattery,327,16,0,0,3,FALSE,44,0,0,0,0,0,0,0,0,0,0,0,0,0,0,0,0,0,0
Wesley,Hoedt,Hoedt,485,16,0,0,2,FALSE,42,0,0,0,0,0,0,0,0,0,0,0,0,0,0,0,0,0,0
Daniel,N'Lundulu,N'Lundulu,535,16,0,0,4,FALSE,44,0,0,0,0,0,0,0,0,0,0,0,0,0,0,0,0,0,0
Harry,Lewis,Lewis,548,16,0,0,1,FALSE,40,0,0,0,0,0,0,0,0,0,0,0,0,0,0,0,0,0,0
Alexandre,Jankewitz,Jankewitz,649,16,0,0,3,FALSE,45,0,0,0,0,0,0,0,0,0,0,0,0,0,0,0,0,0,0
Will,Ferry,Ferry,654,16,0,0,3,FALSE,45,0,0,0,0,0,0,0,0,0,0,0,0,0,0,0,0,0,0
Jacob,Maddox,Maddox,663,16,0,0,3,FALSE,45,0,0,0,0,0,0,0,0,0,0,0,0,0,0,0,0,0,0
Kieran,Trippier,Trippier,334,17,0,0,2,FALSE,55,0,0,0,0,0,0,0,0,0,0,0,0,0,0,0,0,0,0
Vincent,Janssen,Janssen,339,17,0,0,4,FALSE,45,0,0,0,0,0,0,0,0,0,0,0,0,0,0,0,0,0,0
Luke,Amos,Amos,351,17,0,0,3,FALSE,44,0,0,0,0,0,0,0,0,0,0,0,0,0,0,0,0,0,0
Alfie,Whiteman,Whiteman,543,17,0,0,1,FALSE,40,0,0,0,0,0,0,0,0,0,0,0,0,0,0,0,0,0,0
Michel,Vorm,Vorm,555,17,0,0,1,FALSE,42,0,0,0,0,0,0,0,0,0,0,0,0,0,0,0,0,0,0
Brandon,Austin,Austin,558,17,0,0,1,FALSE,40,0,0,0,0,0,0,0,0,0,0,0,0,0,0,0,0,0,0
Harvey,White,White,634,17,0,0,3,FALSE,45,0,0,0,0,0,0,0,0,0,0,0,0,0,0,0,0,0,0
Dennis,Cirkin,Cirkin,655,17,0,0,2,FALSE,40,0,0,0,0,0,0,0,0,0,0,0,0,0,0,0,0,0,0
Marc,Navarro,Navarro,360,18,0,0,2,FALSE,39,0,0,0,0,0,0,0,0,0,0,0,0,0,0,0,0,0,0
Pontus,Dahlberg,Dahlberg,367,18,0,0,1,FALSE,42,0,0,0,0,0,0,0,0,0,0,0,0,0,0,0,0,0,0
Ken,Sema,Sema,372,18,0,0,3,FALSE,47,0,0,0,0,0,0,0,0,0,0,0,0,0,0,0,0,0,0
Heurelho da Silva,Gomes,Gomes,513,18,0,0,1,FALSE,43,0,0,0,0,0,0,0,0,0,0,0,0,0,0,0,0,0,0
Ayotomiwa,Dele-Bashiru,Dele-Bashiru,563,18,0,0,3,FALSE,44,0,0,0,0,0,0,0,0,0,0,0,0,0,0,0,0,0,0
Adalberto,Peñaranda,Peñaranda,648,18,0,0,4,FALSE,45,0,0,0,0,0,0,0,0,0,0,0,0,0,0,0,0,0,0
Marko,Arnautovic,Arnautovic,385,19,0,0,4,FALSE,70,0,0,0,0,0,0,0,0,0,0,0,0,0,0,0,0,0,0
Alexandre Nascimento,Costa Silva,Xande Silva,387,19,0,0,4,FALSE,43,0,0,0,0,0,0,0,0,0,0,0,0,0,0,0,0,0,0
Grady,Diangana,Diangana,398,19,0,0,3,FALSE,43,0,0,0,0,0,0,0,0,0,0,0,0,0,0,0,0,0,0
Pedro,Obiang,Obiang,400,19,0,0,3,FALSE,45,0,0,0,0,0,0,0,0,0,0,0,0,0,0,0,0,0,0
Joseph,Anang,Anang,582,19,0,0,1,FALSE,40,0,0,0,0,0,0,0,0,0,0,0,0,0,0,0,0,0,0
Gonçalo Bento,Soares Cardoso,Cardoso,594,19,0,0,2,FALSE,40,0,0,0,0,0,0,0,0,0,0,0,0,0,0,0,0,0,0
Bernardo,Costa Da Rosa,Rosa,595,19,0,0,3,FALSE,45,0,0,0,0,0,0,0,0,0,0,0,0,0,0,0,0,0,0
Alfie,Lewis,Lewis,651,19,0,0,3,FALSE,45,0,0,0,0,0,0,0,0,0,0,0,0,0,0,0,0,0,0
Conor,Coventry,Coventry,664,19,0,0,3,FALSE,45,0,0,0,0,0,0,0,0,0,0,0,0,0,0,0,0,0,0
John,Ruddy,Ruddy,412,20,0,0,1,FALSE,42,0,0,0,0,0,0,0,0,0,0,0,0,0,0,0,0,0,0
Will,Norris,Norris,413,20,0,0,1,FALSE,39,0,0,0,0,0,0,0,0,0,0,0,0,0,0,0,0,0,0
Hélder,Costa,Costa,418,20,0,0,3,FALSE,48,0,0,0,0,0,0,0,0,0,0,0,0,0,0,0,0,0,0
Ivan,Cavaleiro,Cavaleiro,419,20,0,0,3,FALSE,49,0,0,0,0,0,0,0,0,0,0,0,0,0,0,0,0,0,0
Bernard,Ashley-Seal,Ashley-Seal,559,20,0,0,4,FALSE,45,0,0,0,0,0,0,0,0,0,0,0,0,0,0,0,0,0,0
Taylor,Perry,Perry,560,20,0,0,3,FALSE,45,0,0,0,0,0,0,0,0,0,0,0,0,0,0,0,0,0,0
Owen,Otasowie,Otasowie,566,20,0,0,3,FALSE,45,0,0,0,0,0,0,0,0,0,0,0,0,0,0,0,0,0,0
Luke,Cundle,Cundle,567,20,0,0,3,FALSE,45,0,0,0,0,0,0,0,0,0,0,0,0,0,0,0,0,0,0
Oskar,Buur,Buur,587,20,0,0,2,FALSE,40,0,0,0,0,0,0,0,0,0,0,0,0,0,0,0,0,0,0
Ryan,Giles,Giles,607,20,0,0,2,FALSE,39,0,0,0,0,0,0,0,0,0,0,0,0,0,0,0,0,0,0
Leonardo,Campana,Campana,652,20,0,0,4,FALSE,45,0,0,0,0,0,0,0,0,0,0,0,0,0,0,0,0,0,0
Mohamed,Elneny,Elneny,20,1,0,6,3,FALSE,42,0,0,0,0,0,0,0,0,0,0,0,0,0,0,0,0,0,0
David,Button,Button,48,4,0,2,1,FALSE,39,0,0,0,0,0,0,0,0,0,0,0,0,0,0,0,0,0,0
Beram,Kayal,Kayal,56,4,0,3,3,FALSE,42,0,0,0,0,0,0,0,0,0,0,0,0,0,0,0,0,0,0
Ben,Gibson,Gibson,89,5,0,9,2,FALSE,39,0,0,0,0,0,0,0,0,0,0,0,0,0,0,0,0,0,0
Anthony,Driscoll-Glennon,Driscoll-Glennon,572,5,0,2,2,FALSE,39,0,0,0,0,0,0,0,0,0,0,0,0,0,0,0,0,0,0
Maarten,Stekelenburg,Stekelenburg,149,8,0,7,1,FALSE,39,0,0,0,0,0,0,0,0,0,0,0,0,0,0,0,0,0,0
Daniel,Amartey,Amartey,178,9,0,7,3,FALSE,42,0,0,0,0,0,0,0,0,0,0,0,0,0,0,0,0,0,0
Andy,King,King,480,9,0,9,3,FALSE,42,0,0,0,0,0,0,0,0,0,0,0,0,0,0,0,0,0,0
Rhian,Brewster,Brewster,464,10,0,9,4,FALSE,42,0,0,0,0,0,0,0,0,0,0,0,0,0,0,0,0,0,0
Philip,Heise,Heise,484,14,0,3,2,FALSE,39,0,0,0,0,0,0,0,0,0,0,0,0,0,0,0,0,0,0
Richard,Stearman,Stearman,296,15,0,9,2,FALSE,39,0,0,0,0,0,0,0,0,0,0,0,0,0,0,0,0,0,0
Winston,Reid,Reid,383,19,0,6,2,FALSE,39,0,0,0,0,0,0,0,0,0,0,0,0,0,0,0,0,0,0
Jed,Steer,Steer,429,2,1,0,1,FALSE,43,1,7,0,0,0,0,0,0,0,0,0,0,0,3,0,0,0,0
Max,Thompson,Thompson,640,5,1,0,4,FALSE,45,1,2,0,0,0,0,0,0,0,0,0,0,0,3,0,0,0,0
Akin,Famewo,Famewo,552,14,1,0,2,FALSE,39,1,1,0,0,0,0,0,0,0,0,0,0,0,3,0,0,0,0
Jordan,Thomas,Thomas,650,14,1,0,2,FALSE,40,1,1,0,0,0,0,0,0,0,0,0,0,0,3,0,0,0,0
Georges-Kévin,Nkoudou,Nkoudou,527,17,1,0,3,FALSE,50,1,2,0,0,0,0,0,0,0,0,0,0,0,3,0,0,18,1.8
Kelland,Watts,Watts,599,13,1,0,2,FALSE,39,1,16,0,0,0,1,0,0,0,0,0,0,0,3,2,0,0,0.2
Jack,Rodwell,Rodwell,591,15,1,0,3,FALSE,45,1,15,0,0,0,0,0,0,0,0,0,0,0,3,1.2,0,0,0.1
Nathan,Tella,Tella,633,16,1,0,3,FALSE,45,1,2,0,0,0,0,0,0,0,0,0,0,0,3,3,0,17,2
Pierre-Emerick,Aubameyang,Aubameyang,11,1,205,5,4,TRUE,109,5.7,3136,22,5,10,44,0,0,0,3,1,0,37,807,1006,479.6,1369,285.2
Alexandre,Lacazette,Lacazette,12,1,118,2,4,FALSE,92,3.9,1867,10,7,5,25,0,0,0,8,0,0,16,387,536.4,337.7,861,173.8
David,Luiz Moreira Marinho,David Luiz,106,1,94,2,2,FALSE,57,2.8,2809,2,1,8,42,0,0,0,5,2,0,10,494,701.6,106.7,211,102.1
Nicolas,Pépé,Pépé,488,1,106,2,3,FALSE,89,3.4,2004,5,6,5,30,0,0,0,4,0,0,9,353,500.2,639.4,624,176.5
Conor,Hourihane,Hourihane,28,2,83,2,3,FALSE,57,3.1,1526,3,5,6,29,0,0,0,4,0,0,9,328,384.8,551.8,317,125.3
Jack,Grealish,Grealish,29,2,149,4,3,FALSE,59,4.1,3233,8,7,7,63,0,0,1,8,0,0,19,601,826.6,1209.2,837,287
Mahmoud Ahmed,Ibrahim Hassan,Trézéguet,465,2,98,2,3,FALSE,52,2.9,1936,6,2,6,29,0,0,0,2,1,0,7,270,422.4,303.7,741,145.7
Steve,Cook,Steve Cook,58,3,52,2,2,FALSE,50,1.8,2427,1,0,3,48,0,0,0,6,1,0,5,362,557.2,51.5,159,77.2
Diego,Rico,Rico,65,3,84,2,2,FALSE,42,3.1,2333,0,5,6,38,0,0,0,6,0,0,10,463,596.6,558.9,96,125.5
Joshua,King,King,68,3,99,2,4,FALSE,61,3.8,2010,6,5,4,37,0,0,0,0,0,0,11,313,435.8,412.7,506,135.1
Harry,Wilson,Harry Wilson,505,3,91,2,3,FALSE,57,2.9,1637,7,1,2,32,0,0,0,2,0,0,7,295,377.4,242.1,667,128.5
Lewis,Dunk,Dunk,42,4,128,3,2,FALSE,48,3.6,3230,3,3,9,50,0,0,0,9,0,0,17,674,825.6,171.8,469,146.8
Leandro,Trossard,Trossard,421,4,104,3,3,FALSE,58,3.4,2004,5,5,4,34,0,0,0,0,0,0,9,352,411.4,585.4,540,153.2
Aaron,Connolly,Connolly,534,4,61,7,4,FALSE,42,2.5,1250,3,3,5,22,0,0,0,0,0,0,5,146,150.6,91.4,530,76
James,Tarkowski,Tarkowski,84,5,143,3,2,FALSE,55,3.8,3420,2,3,15,50,0,0,0,10,0,0,14,690,919.8,167.1,410,149.9
Chris,Wood,Wood,91,5,136,3,4,FALSE,62,4.2,2436,14,1,11,33,1,0,0,1,0,0,21,384,552.2,299.6,1070,190.8
Erik,Pieters,Pieters,447,5,77,2,2,FALSE,43,3.2,1876,0,5,6,35,0,0,0,2,0,0,10,359,355.4,273.8,90,71.6
Marcos,Alonso,Alonso,103,6,100,4,2,FALSE,61,5.6,1429,4,4,7,18,0,0,0,4,0,0,11,395,411.8,413.4,420,124.3
César,Azpilicueta,Azpilicueta,105,6,130,4,2,FALSE,61,3.6,3229,2,6,8,53,0,0,0,1,0,0,16,700,905.2,708.7,438,205.4
Willian,Borges Da Silva,Willian,113,6,168,7,3,FALSE,73,4.7,2595,9,9,10,35,0,0,0,4,0,0,26,698,834.8,1177.7,930,294.6
Ross,Barkley,Barkley,117,6,61,2,3,FALSE,56,2.9,1095,1,5,5,14,0,0,0,0,0,0,5,208,266,344.3,373,98.2
Tammy,Abraham,Abraham,460,6,153,4,4,FALSE,73,4.5,2206,15,6,7,34,1,0,0,2,0,0,20,461,659.6,283.2,1301,223.3
Mason,Mount,Mount,463,6,137,2,3,FALSE,60,3.7,2865,7,6,9,44,0,0,0,3,0,0,11,510,641.2,814,974,242.8
Fikayo,Tomori,Tomori,529,6,48,2,2,FALSE,42,3.2,1291,1,0,4,18,0,0,0,3,0,0,7,271,335.4,68.6,79,48.5
Patrick,van Aanholt,van Aanholt,123,7,109,3,2,FALSE,56,3.8,2507,3,2,8,38,1,0,0,0,0,0,12,523,531.2,516,285,133.4
James,McCarthy,McCarthy,157,7,41,2,3,FALSE,42,1.2,1668,0,0,2,29,0,0,0,9,0,0,0,205,268.8,268.3,80,61.8
Lucas,Digne,Digne,141,8,120,4,2,FALSE,59,3.4,3031,0,8,9,49,1,0,0,6,0,0,16,646,743,1112,293,215
Dominic,Calvert-Lewin,Calvert-Lewin,147,8,126,2,4,FALSE,61,3.5,2621,13,1,8,43,0,0,0,9,0,0,15,385,562.8,241.4,1272,206.3
Richarlison,de Andrade,Richarlison,150,8,165,2,3,FALSE,82,4.6,3070,13,5,9,51,0,0,0,8,0,0,13,519,814.6,478.1,1233,252.3
Bernard,Anício Caldeira Duarte,Bernard,152,8,72,2,3,FALSE,64,2.7,1269,3,2,9,12,0,0,0,2,0,0,6,237,315,349.1,236,89.8
Ricardo Domingos,Barbosa Pereira,Pereira,159,9,123,3,2,FALSE,62,4.4,2520,3,2,10,27,0,0,0,1,0,0,11,568,738,446.5,235,141.9
Jonny,Evans,Evans,162,9,128,3,2,FALSE,53,3.4,3384,1,2,13,41,1,0,0,7,1,0,12,707,755.2,131.9,325,121.4
Jamie,Vardy,Vardy,166,9,210,8,4,TRUE,97,6,3032,23,7,11,38,0,0,1,3,0,0,34,775,1026,418.4,1455,288.8
Harvey,Barnes,Barnes,172,9,133,2,3,FALSE,58,3.7,2075,6,10,9,24,0,0,0,0,0,0,9,394,525,517.4,893,193.7
Ayoze,Pérez,Pérez,265,9,129,4,3,FALSE,60,3.9,1998,8,5,9,25,0,0,0,0,0,0,9,402,547.4,443.9,779,177.3
Youri,Tielemans,Tielemans,448,9,117,2,3,FALSE,61,3.2,2823,3,6,12,35,0,0,0,2,0,0,5,531,566.6,805.4,502,187.6
Trent,Alexander-Arnold,Alexander-Arnold,182,10,210,8,2,TRUE,77,5.5,3173,4,15,14,32,0,0,0,5,0,0,24,904,1026.8,1380.3,420,282.8
Virgil,van Dijk,van Dijk,183,10,178,2,2,TRUE,65,4.7,3420,5,2,15,33,0,0,0,1,0,0,14,804,930.2,152.4,467,154.8
Roberto,Firmino,Firmino,187,10,155,2,4,FALSE,93,4.1,2985,9,9,16,26,0,0,0,0,0,0,20,592,733.6,703,1638,307.5
Mohamed,Salah,Salah,191,10,233,8,3,TRUE,125,6.9,2879,19,10,16,26,0,0,0,1,0,0,26,661,1061.2,834.8,2156,405.1
Sadio,Mané,Mané,192,10,221,8,3,TRUE,121,6.3,2745,18,10,12,28,0,0,0,3,0,0,27,689,1010.2,826.6,1239,307.7
Jordan,Henderson,Henderson,198,10,116,2,3,FALSE,52,3.9,2234,4,5,16,14,0,0,0,2,0,0,11,530,582.6,425.9,275,128.5
Kyle,Walker,Walker,203,11,114,2,2,FALSE,57,3.9,2392,1,4,12,24,0,0,0,5,0,0,7,573,435.6,394.4,169,100.1
Sergio,Agüero,Agüero,210,11,132,4,4,FALSE,116,5.5,1449,16,6,5,18,0,0,1,1,0,0,14,509,641.2,256.4,1188,208.2
Gabriel Fernando,de Jesus,Jesus,211,11,146,3,4,FALSE,99,4.3,2018,14,8,12,14,0,0,1,3,0,0,17,535,757.6,447.7,1620,282.1
Raheem,Sterling,Sterling,214,11,204,7,3,TRUE,120,6.2,2651,20,6,13,31,0,0,2,5,0,0,20,642,921.6,751.3,1829,350.2
Kevin,De Bruyne,De Bruyne,215,11,251,9,3,TRUE,106,7.2,2790,13,23,18,22,0,0,0,3,0,0,35,988,1322.2,1990.8,1005,432.1
Riyad,Mahrez,Mahrez,217,11,175,5,3,FALSE,86,5.3,1934,11,14,10,15,0,0,0,0,0,0,17,668,814.2,885.8,1094,279.5
Bernardo Mota,Veiga de Carvalho e Silva,Bernardo Silva,218,11,116,2,3,FALSE,76,3.4,2021,6,7,9,24,0,0,0,5,0,0,7,526,626.2,773.2,927,232.5
David,Silva,David Silva,219,11,139,6,3,FALSE,75,5.1,1821,6,12,11,15,0,0,0,0,0,0,15,549,639.6,735.8,937,231.2
Aaron,Wan-Bissaka,Wan-Bissaka,122,12,127,3,2,FALSE,55,3.6,3070,0,4,12,33,0,0,0,8,0,0,16,659,749.2,443.3,133,132.8
Marcus,Rashford,Rashford,233,12,177,5,4,FALSE,89,5.7,2645,17,8,9,29,0,0,2,3,0,0,31,665,887,563.7,1265,271.7
Anthony,Martial,Martial,239,12,200,5,3,TRUE,85,6.2,2625,17,9,14,27,0,0,1,1,0,0,14,544,855.6,439.3,1297,259.4
Bruno Miguel,Borges Fernandes,Fernandes,618,12,117,6,3,FALSE,90,8.4,1187,8,8,9,6,0,0,0,2,0,0,18,366,551.8,479.3,361,139.2
Matt,Ritchie,Ritchie,251,13,74,2,2,FALSE,53,4.1,1312,2,1,8,19,0,0,1,4,0,0,7,293,285.4,482.7,218,98.6
Federico,Fernández,Fernández,254,13,102,4,2,FALSE,46,3.2,2617,2,3,8,42,1,0,0,8,0,0,13,507,741,74.5,223,103.7
Teemu,Pukki,Pukki,278,14,139,2,4,FALSE,64,3.9,2884,11,3,6,59,0,0,0,3,0,0,21,444,545,379.5,1202,211.8
Todd,Cantwell,Cantwell,287,14,111,2,3,FALSE,45,3,2484,6,2,6,54,0,0,0,6,0,0,10,410,516.4,493.1,656,165.9
John,Egan,Egan,295,15,133,2,2,FALSE,47,3.7,3187,2,1,13,33,0,0,0,3,1,0,9,592,641.4,25.4,587,125.4
John,Lundstram,Lundstram,297,15,144,5,2,FALSE,46,4.2,2452,5,4,10,29,0,0,0,5,0,0,15,539,502.8,382.9,449,133.9
John,Fleck,Fleck,301,15,101,4,3,FALSE,47,3.4,2515,5,2,8,30,0,0,0,8,0,0,13,464,527.4,648.8,419,159.6
Jannik,Vestergaard,Vestergaard,304,16,51,2,2,FALSE,45,2.7,1496,1,0,4,26,0,0,0,3,0,0,6,286,363.8,81.3,183,62.8
Jack,Stephens,Stephens,308,16,85,3,2,FALSE,44,3,2451,1,3,7,39,0,0,0,4,1,0,8,432,566.2,101.5,97,76.6
Danny,Ings,Ings,313,16,198,4,4,FALSE,76,5.2,2800,22,2,6,44,0,0,1,3,0,0,40,736,1010,458.3,1558,302.4
Nathan,Redmond,Redmond,320,16,107,2,3,FALSE,62,3.3,2763,4,4,7,51,0,0,0,2,0,0,8,412,517.2,539.1,752,181.2
Jan,Vertonghen,Vertonghen,330,17,62,2,2,FALSE,52,2.7,1644,1,1,4,24,0,0,0,2,0,0,5,346,398.4,56.1,63,51.9
Toby,Alderweireld,Alderweireld,331,17,97,2,2,FALSE,53,2.9,2957,2,2,7,39,1,0,0,7,0,0,6,576,773.6,196,182,115.2
Harry,Kane,Kane,338,17,158,4,4,FALSE,110,5.4,2588,18,2,6,36,0,0,0,4,0,0,26,587,843.8,391,1071,230.6
Heung-Min,Son,Son,342,17,169,5,3,FALSE,97,5.6,2478,11,13,7,32,0,0,1,0,2,0,18,544,800.6,606.1,1144,254.6
Bamidele,Alli,Alli,344,17,117,2,3,FALSE,83,4.7,1845,8,6,4,25,0,0,0,2,0,0,12,349,531.2,328.6,627,148.9
Sebastian,Prödl,Prödl,361,18,1,9,2,FALSE,39,1,56,0,0,0,0,0,0,0,0,0,0,0,3,1.8,0.1,8,1
Troy,Deeney,Deeney,362,18,109,2,4,FALSE,62,4,2224,10,2,6,39,0,0,1,3,0,0,15,403,536,378.5,801,171.4
Gerard,Deulofeu,Deulofeu,363,18,88,2,4,FALSE,61,3.1,2097,4,5,8,33,0,0,0,3,0,0,9,330,458.4,602.3,896,195.4
Ismaïla,Sarr,Sarr,525,18,107,2,3,FALSE,59,3.8,2023,5,7,6,35,0,0,0,1,0,0,7,300,392,391.9,637,142.2
Dimitri,Foulquier,Foulquier,542,18,1,7,2,FALSE,39,0.3,57,0,0,0,6,0,0,0,0,0,0,0,12,8,1,0,1
Aaron,Cresswell,Cresswell,376,19,79,2,2,FALSE,45,2.5,2727,3,0,5,51,0,0,0,7,0,0,5,444,535.4,441,180,115.9
Ryan,Fredericks,Fredericks,380,19,74,2,2,FALSE,44,2.7,2235,0,3,7,39,0,0,0,7,0,0,7,423,491.2,333.7,76,90.5
Michail,Antonio,Antonio,389,19,111,2,3,FALSE,71,4.6,1767,10,4,3,30,0,0,0,3,0,0,8,284,552.8,377.4,1094,201.7
Mark,Noble,Noble,396,19,105,2,3,FALSE,49,3.2,2675,4,4,7,44,0,0,0,5,0,0,8,504,542.2,602.2,164,131.1
Carlos,Sánchez,Carlos Sánchez,397,19,7,3,3,FALSE,43,1.2,112,0,0,0,2,0,0,0,0,0,0,0,20,8.4,3.7,0,1.1
Pablo,Fornals,Fornals,399,19,93,2,3,FALSE,60,2.6,2167,2,6,6,35,0,0,0,3,0,0,4,346,350.4,359.7,381,109.2
Matt,Doherty,Doherty,401,20,167,5,2,FALSE,65,4.6,2836,4,8,12,31,0,0,0,1,0,0,15,590,576.2,340.5,681,160
Jonathan,Castro Otto,Jonny,402,20,123,2,2,FALSE,55,3.5,2885,2,3,11,35,0,0,0,4,0,0,6,537,543.6,379.2,299,122.4
Raúl,Jiménez,Jiménez,409,20,194,3,4,FALSE,80,5.1,3241,17,7,15,36,0,0,0,3,0,0,33,685,911.6,668.2,1680,325.4
Diogo,Jota,Jota,410,20,105,3,4,FALSE,60,3.1,2278,7,3,10,28,0,0,0,4,0,0,12,348,457.8,453.3,1139,204.9
Adama,Traoré,Traoré,417,20,130,4,3,FALSE,56,3.5,2599,4,9,7,33,0,0,0,1,0,0,14,522,727.2,786.4,583,209.7
Leander,Dendoncker,Dendoncker,420,20,100,2,3,FALSE,44,2.6,2790,4,0,11,34,1,0,0,5,0,0,9,426,529.2,160.6,282,96.8
Ainsley,Maitland-Niles,Maitland-Niles,4,1,41,1,2,FALSE,45,2,1382,0,2,3,22,0,0,0,4,1,0,3,244,301.8,182,58,53.6
Sokratis,Papastathopoulos,Sokratis,5,1,57,1,2,FALSE,48,3,1696,2,0,4,25,0,0,0,6,0,0,5,305,436.2,36.8,110,58.5
Daniel,Ceballos Fernández,Ceballos,469,1,57,1,3,FALSE,52,2.4,1687,0,2,7,21,0,0,0,1,0,0,3,310,346.4,439.9,130,91.7
Kieran,Tierney,Tierney,515,1,42,1,2,FALSE,53,2.8,986,1,2,2,16,0,0,0,2,0,0,4,213,201.8,121.1,73,39.8
Kortney,Hause,Hause,25,2,34,1,2,FALSE,44,1.9,1544,1,0,2,34,0,0,0,3,0,0,0,204,352.8,33,248,63.4
Matt,Targett,Targett,309,2,80,1,2,FALSE,43,2.9,2291,1,3,5,40,0,0,0,4,0,0,10,433,503.8,432.9,130,106.9
Wesley,Moraes,Wesley,428,2,67,1,4,FALSE,54,3.2,1782,5,1,6,31,0,0,1,3,0,0,7,180,296.2,169.8,632,108.3
Tyrone,Mings,Mings,445,2,90,1,2,FALSE,44,2.7,2902,2,2,6,53,0,0,0,7,0,0,9,537,758,87.3,119,96.6
Ezri,Konsa Ngoyo,Konsa,452,2,65,1,2,FALSE,43,2.6,2038,1,2,5,39,0,0,0,3,0,0,4,335,400.6,151.8,173,72.8
Bjorn,Engels,Engels,455,2,42,1,2,FALSE,43,2.5,1446,1,0,3,32,0,0,0,1,0,0,4,252,329.6,31.9,81,44.5
Frédéric,Guilbert,Guilbert,458,2,62,1,2,FALSE,43,2.5,2038,0,2,6,36,0,0,0,7,0,0,4,342,451.2,241.5,77,77.2
Nathan,Aké,Aké,59,3,79,1,2,FALSE,48,2.7,2503,2,2,4,46,0,0,0,2,0,0,6,499,691.2,92.7,326,111
Chris,Mepham,Mepham,61,3,27,1,2,FALSE,43,2.2,911,1,0,1,19,0,0,0,1,0,0,2,165,276.8,20.8,138,43.7
Adam,Smith,Adam Smith,63,3,49,1,2,FALSE,43,2,2055,0,1,4,40,0,0,0,7,0,0,3,309,309.6,183,97,58.8
Callum,Wilson,Callum Wilson,67,3,116,1,4,FALSE,74,3.3,2906,8,6,4,53,0,0,0,9,0,0,8,321,397.4,391.1,848,162.6
Dominic,Solanke,Solanke,69,3,69,1,4,FALSE,51,2.2,1637,3,2,1,39,0,0,0,1,0,0,3,177,223.2,202.5,569,99.4
Philip,Billing,Billing,476,3,68,1,3,FALSE,49,2,2526,1,1,5,41,0,0,0,8,0,0,5,347,545.4,239.8,342,112.9
Martín,Montoya,Montoya,38,4,62,1,2,FALSE,43,2.3,1892,0,1,6,32,0,0,0,5,0,0,3,313,337.4,338,177,85.5
Adam,Webster,Webster,493,4,88,1,2,FALSE,44,2.8,2668,3,1,5,44,1,0,0,4,0,0,7,514,696.6,153.2,221,107.3
Neal,Maupay,Maupay,502,4,131,1,4,FALSE,57,3.5,2763,10,3,8,36,0,0,1,3,0,0,21,361,518.6,369.2,1519,240.5
Aaron,Mooy,Mooy,516,4,80,1,3,FALSE,47,2.6,2079,2,2,6,33,0,0,0,1,1,0,9,337,436.6,614.9,291,134
Ben,Mee,Mee,83,5,110,1,2,FALSE,49,3.4,2880,1,2,13,45,0,0,0,7,0,0,6,549,658.8,105.8,362,112.9
Phil,Bardsley,Bardsley,86,5,78,1,2,FALSE,44,3.7,1890,0,2,9,19,0,0,0,6,0,0,6,358,350.6,164,109,62.5
Charlie,Taylor,Taylor,87,5,84,1,2,FALSE,43,3.5,1944,0,1,10,18,0,0,0,3,0,0,5,375,382.6,243,19,64.7
Ashley,Barnes,Barnes,90,5,61,1,4,FALSE,61,3.2,1350,6,0,8,21,0,0,0,4,0,0,6,161,226.2,85.1,474,75.9
Matej,Vydra,Vydra,92,5,39,1,4,FALSE,51,2.1,807,2,1,5,7,0,0,0,0,0,0,3,112,144.2,113.3,273,53.3
Dwight,McNeil,McNeil,97,5,123,1,3,FALSE,60,3.2,3339,2,7,16,48,0,0,0,5,0,0,6,529,644.2,931.4,430,200.6
Ashley,Westwood,Westwood,101,5,118,1,3,FALSE,55,3.4,3150,2,7,15,39,0,0,0,9,0,0,11,567,596.8,814.2,135,154.7
Jay,Rodriguez,Rodriguez,451,5,100,1,4,FALSE,57,2.8,2002,8,2,7,34,0,0,0,1,0,0,9,282,431.4,135,827,137.8
Antonio,Rüdiger,Rüdiger,104,6,63,1,2,FALSE,59,3.1,1710,2,0,5,24,1,0,0,3,0,0,5,351,389.4,93.3,194,67.7
Pedro,Rodríguez Ledesma,Pedro,114,6,32,1,3,FALSE,68,2.9,659,1,2,2,12,0,0,0,1,0,0,1,127,161.4,227.1,349,73.8
Jorge Luiz,Frello Filho,Jorginho,118,6,92,1,3,FALSE,49,3,2376,4,3,6,40,0,0,0,10,0,0,9,535,600,422.4,158,118.4
Christian,Pulisic,Pulisic,431,6,127,1,3,FALSE,74,5.1,1717,9,8,6,28,0,0,0,0,0,0,8,379,556.2,426,1059,204.2
Reece,James,James,506,6,61,1,2,FALSE,49,2.5,1510,0,2,5,23,0,0,0,1,0,0,5,373,343.6,428.8,143,91.8
James,Tomkins,Tomkins,124,7,48,1,2,FALSE,49,2.7,1582,1,1,3,23,0,0,0,5,0,0,4,260,384,27.7,121,53.3
Scott,Dann,Dann,127,7,51,1,2,FALSE,43,3.2,1264,0,1,5,14,0,0,0,0,0,0,3,253,250.2,58.3,177,48.6
Wilfried,Zaha,Zaha,133,7,120,1,3,FALSE,66,3.2,3279,4,6,9,46,0,0,0,5,0,0,4,337,572,588,1103,226.4
Luka,Milivojevic,Milivojevic,134,7,81,1,3,FALSE,67,2.6,2510,3,1,7,38,0,0,0,12,0,0,9,382,460,499.1,190,114.9
Jeffrey,Schlupp,Schlupp,137,7,51,1,3,FALSE,54,3,1030,3,1,4,16,0,0,0,2,0,0,4,148,240,101.9,266,60.8
Jordan,Ayew,Ayew,468,7,132,1,4,FALSE,51,3.6,3148,9,3,12,45,0,0,0,6,0,0,19,443,597.4,445.6,885,192.4
Yerry,Mina,Mina,142,8,78,1,2,FALSE,53,2.7,2281,2,1,5,37,1,0,0,3,0,0,8,419,535.4,87.2,422,104.4
Michael,Keane,Keane,143,8,90,1,2,FALSE,52,2.9,2556,2,0,7,42,1,0,0,3,0,0,9,490,666.4,80,204,95.2
Tom,Davies,Davies,154,8,59,1,3,FALSE,53,2,2020,1,1,5,34,0,0,0,8,0,0,3,233,270.4,122.6,262,65.5
Djibril,Sidibé,Sidibé,511,8,74,1,2,FALSE,50,3,1818,0,4,5,30,0,0,0,3,0,0,10,386,463,341.5,121,92.5
Benjamin,Chilwell,Chilwell,161,9,114,1,2,FALSE,54,4.2,2374,3,3,9,26,0,0,0,3,0,0,8,501,546,545.4,208,130
Çaglar,Söyüncü,Söyüncü,164,9,120,1,2,FALSE,49,3.5,3036,1,1,12,35,0,0,0,4,1,0,12,681,755.6,79,238,107.5
Wes,Morgan,Morgan,165,9,19,1,2,FALSE,41,1.7,430,0,0,1,6,0,0,0,0,0,0,2,87,85.8,2.1,58,14.5
Kelechi,Iheanacho,Iheanacho,167,9,64,1,4,FALSE,57,3.2,953,5,4,3,9,0,0,0,1,0,0,7,204,288.2,204.2,603,109.4
James,Maddison,Maddison,171,9,125,1,3,FALSE,73,4,2624,6,5,10,26,0,0,0,4,0,0,14,548,642.4,1246.4,702,259.2
Luke,Thomas,Thomas,660,9,15,1,2,FALSE,40,5,267,0,1,1,4,0,0,0,0,0,0,3,70,78.4,149.8,10,23.9
Andrew,Robertson,Robertson,181,10,181,1,2,TRUE,70,5,3111,2,12,13,31,0,0,0,2,0,0,20,847,845.8,980.2,389,221.7
Divock,Origi,Origi,188,10,65,1,4,FALSE,51,2.3,699,4,3,2,12,0,0,0,1,0,0,8,230,201.8,128.8,222,55
Naby,Keita,Keita,196,10,52,1,3,FALSE,58,2.9,806,2,3,5,8,0,0,0,1,0,0,3,224,281.8,234.7,169,68.7
Fabio Henrique,Tavares,Fabinho,197,10,77,1,3,FALSE,54,2.8,2073,2,3,6,26,0,0,0,6,0,0,8,403,431.6,322.4,85,84
Georginio,Wijnaldum,Wijnaldum,199,10,107,1,3,FALSE,54,2.9,2933,4,0,12,28,0,0,0,0,0,0,5,503,452.8,344.1,423,122
James,Milner,Milner,200,10,49,1,3,FALSE,53,2.2,924,2,2,4,9,0,0,0,4,0,0,3,198,237.2,177.1,100,51.4
Aymeric,Laporte,Laporte,202,11,63,1,2,FALSE,63,4.2,1096,1,0,8,5,0,0,0,1,0,0,0,298,246.8,62.2,79,38.7
Nicolás,Otamendi,Otamendi,208,11,82,1,2,FALSE,48,3.4,1710,2,1,7,21,0,0,0,3,0,0,6,389,443.6,65.5,319,82.7
Phil,Foden,Foden,220,11,69,1,3,FALSE,55,3,888,5,2,4,7,0,0,0,0,0,0,4,261,312.2,301.6,466,108.1
Rodrigo,Hernandez,Rodrigo,443,11,92,1,3,FALSE,53,2.6,2480,3,2,14,27,0,0,0,8,0,0,5,516,599.2,532.6,193,132.3
Harry,Maguire,Maguire,160,12,123,1,2,FALSE,53,3.2,3420,1,0,13,36,0,0,0,6,0,0,5,681,772,214.6,371,136.2
Victor,Lindelöf,Lindelöf,225,12,116,1,2,FALSE,53,3.3,3092,1,0,12,32,1,0,0,6,0,0,9,618,554,73.6,79,70.7
Mason,Greenwood,Greenwood,234,12,103,1,4,FALSE,48,3.3,1303,10,1,6,13,0,0,0,0,0,0,17,430,449.6,222.7,502,117
Paul,Pogba,Pogba,238,12,51,1,3,FALSE,83,3.2,1202,1,4,6,9,0,0,1,1,0,0,2,215,295.8,420,193,91
Juan,Mata,Mata,242,12,38,1,3,FALSE,61,2,747,0,2,4,8,0,0,0,1,0,0,2,139,109.2,293.9,130,53.4
Brandon,Williams,Williams,549,12,51,1,2,FALSE,38,3,1003,1,1,5,11,0,0,0,6,0,0,3,228,200,191.2,100,49.2
Javier,Manquillo,Manquillo,256,13,65,1,2,FALSE,43,3.1,1597,0,1,8,21,0,0,0,5,0,0,4,288,232,100.8,40,37.3
Florian,Lejeune,Lejeune,257,13,24,1,2,FALSE,43,4,440,2,0,1,10,0,0,0,0,0,0,1,88,132,12.6,81,22.5
Jamaal,Lascelles,Lascelles,258,13,73,1,2,FALSE,42,3,2076,1,0,8,31,0,0,0,5,0,0,3,358,403,28.1,125,55.7
Ciaran,Clark,Clark,259,13,49,1,2,FALSE,43,3.5,1186,2,0,4,14,0,0,0,3,0,0,2,216,331.4,14.9,128,47.6
Miguel,Almirón,Almirón,266,13,109,1,3,FALSE,58,3,3020,4,2,12,48,0,0,0,5,0,0,5,356,481.6,450.2,750,168
Jetro,Willems,Willems,498,13,64,1,2,FALSE,43,3.4,1492,2,2,3,24,0,0,0,0,0,0,6,283,345.4,196,198,74.1
Allan,Saint-Maximin,Saint-Maximin,500,13,92,1,3,FALSE,52,3.5,1860,3,5,8,22,0,0,0,0,0,0,7,321,434,423.4,542,139.8
Matthew,Longstaff,Matthew Longstaff,540,13,27,1,3,FALSE,45,3,572,2,0,1,11,0,0,0,1,0,0,2,104,102.8,51.6,49,20.4
Maximillian,Aarons,Aarons,274,14,66,1,2,FALSE,42,1.8,3240,0,2,5,71,0,0,0,7,0,0,3,489,566.6,385.2,237,119
Jamal,Lewis,Lewis,276,14,48,1,2,FALSE,44,1.7,2301,1,0,3,56,0,0,0,4,0,0,3,384,439,262.2,130,83.3
Emiliano,Buendía,Buendía,283,14,94,1,3,FALSE,60,2.6,2458,1,7,3,54,0,0,0,6,1,0,12,464,711.6,1196.7,401,231.1
Lys,Mousset,Mousset,70,15,84,1,4,FALSE,43,2.8,1223,6,4,3,15,0,0,0,1,0,0,11,248,303,163.1,530,98.1
Enda,Stevens,Stevens,291,15,142,1,2,FALSE,52,3.7,3345,2,4,13,39,0,0,0,7,0,0,8,639,641,554.5,338,153.5
Jack,O'Connell,O'Connell,293,15,111,1,2,FALSE,45,3.4,2915,0,1,12,28,0,0,0,4,0,0,6,552,576.6,262.3,246,108.6
George,Baldock,Baldock,294,15,142,1,2,FALSE,50,3.7,3420,2,4,13,39,0,0,0,7,0,0,7,602,559.8,485.7,241,128.6
Billy,Sharp,Sharp,298,15,57,1,4,FALSE,52,2.3,1037,3,2,4,10,0,0,0,1,1,0,9,159,175.4,186.2,348,69.9
Oliver,Norwood,Norwood,302,15,98,1,3,FALSE,47,2.6,3089,1,3,13,36,0,0,0,8,0,0,6,563,608.4,808.8,100,151.8
David,McGoldrick,McGoldrick,303,15,65,1,4,FALSE,54,2.3,1810,2,2,7,18,0,0,0,2,0,0,6,201,303.4,268.4,584,115.2
Callum,Robinson,Callum Robinson,453,15,33,1,3,FALSE,49,2.1,669,1,2,2,6,0,0,0,1,0,0,1,73,79.8,72.8,156,30.4
Shane,Long,Long,315,16,62,1,4,FALSE,46,2.4,1386,2,3,5,20,0,0,0,0,0,0,4,159,190.8,264.8,536,99.4
Stuart,Armstrong,Armstrong,323,16,98,1,3,FALSE,52,3.3,1706,5,4,7,25,0,0,0,4,0,0,10,301,418.2,274.9,431,112.4
Che,Adams,Adams,437,16,78,1,4,FALSE,53,2.6,1095,4,4,4,17,0,0,0,0,0,0,8,242,226.2,184.9,524,92.3
Moussa,Djenepo,Djenepo,438,16,40,1,3,FALSE,52,2.2,920,2,2,2,14,0,0,0,4,1,0,3,151,224.4,153.4,252,62.9
Davinson,Sánchez,Sánchez,333,17,64,1,2,FALSE,53,2.2,2431,0,2,4,37,0,0,0,6,0,0,4,443,550,31,82,66.5
Serge,Aurier,Aurier,336,17,124,1,2,FALSE,51,3.8,2699,1,7,9,33,1,0,0,2,1,0,15,623,655.2,508.1,252,141.6
Lucas,Rodrigues Moura da Silva,Lucas Moura,345,17,100,1,3,FALSE,70,2.9,2235,4,5,6,29,0,0,0,3,0,0,3,330,494.6,477.1,751,172.1
Erik,Lamela,Lamela,346,17,65,1,3,FALSE,57,2.6,1203,2,5,5,12,0,0,0,3,0,0,2,220,226.2,284.2,337,84.5
Christian,Kabasele,Kabasele,354,18,73,1,2,FALSE,43,2.7,2250,0,2,7,35,0,0,0,1,2,0,4,382,477,55.3,164,69.9
Craig,Cathcart,Cathcart,358,18,77,1,2,FALSE,41,2.7,2488,0,0,9,37,0,0,0,7,0,0,3,441,458,34.8,57,55.1
Daryl,Janmaat,Janmaat,359,18,36,1,2,FALSE,40,4.5,606,0,1,4,5,1,0,0,1,0,0,7,148,116,108.4,46,27.1
Abdoulaye,Doucouré,Doucouré,368,18,113,1,3,FALSE,54,3.1,3156,4,4,10,61,1,0,0,9,0,0,9,459,529.6,539,667,173.4
Danny,Welbeck,Welbeck,512,18,39,1,4,FALSE,58,2.2,813,2,1,1,15,0,0,0,0,0,0,3,93,128.2,51.5,350,53
Arthur,Masuaku,Masuaku,378,19,26,1,2,FALSE,41,1.5,930,0,1,2,18,0,0,0,4,1,0,3,166,240.8,128.6,53,42.4
Issa,Diop,Diop,381,19,76,1,2,FALSE,43,2.4,2765,3,1,4,54,0,0,0,8,0,0,3,424,610,64.3,210,88.7
Fabián,Balbuena,Balbuena,382,19,40,1,2,FALSE,43,2.4,1176,1,0,3,24,0,0,0,2,0,0,3,210,268,18.5,149,43.6
Javier,Hernández Balcázar,Chicharito,386,19,9,1,4,FALSE,60,4.5,106,1,0,0,4,0,0,0,0,0,0,2,27,35.6,2.2,39,7.7
Andriy,Yarmolenko,Yarmolenko,392,19,70,1,3,FALSE,52,3,981,5,1,3,17,0,0,0,2,0,0,10,231,284.4,265.7,329,87.9
Robert,Snodgrass,Snodgrass,393,19,87,1,3,FALSE,50,3.6,1504,5,5,3,33,0,0,0,4,0,0,8,312,422.2,552.1,320,129.7
Declan,Rice,Rice,395,19,105,1,3,FALSE,47,2.8,3420,1,5,7,62,0,0,0,6,0,0,8,616,715.8,350.8,259,132.5
Sébastien,Haller,Haller,457,19,102,1,4,FALSE,68,3.2,2259,7,3,5,41,0,0,0,1,0,0,11,327,450.4,354.5,1012,180.9
Romain,Saïss,Saïss,407,20,103,1,2,FALSE,47,3.1,2703,2,2,10,34,0,0,0,10,1,0,8,525,621.2,160.7,298,108.1
Rúben Diogo,da Silva Neves,Neves,414,20,97,1,3,FALSE,52,2.6,3053,2,2,13,35,0,0,0,9,0,0,7,498,538.6,445.4,307,129.1
Daniel,Castelo Podence,Podence,619,20,25,1,3,FALSE,49,2.8,285,1,1,3,0,0,0,0,0,0,0,2,74,62.4,73.3,148,28.4
Héctor,Bellerín,Bellerín,2,1,44,0,2,FALSE,52,2.9,1156,1,0,4,18,0,0,0,2,0,0,4,204,187.8,76.9,103,37
Edward,Nketiah,Nketiah,13,1,25,0,4,FALSE,43,1.9,628,2,0,3,9,0,0,0,0,1,0,1,66,90.4,67,210,36.4
Mesut,Özil,Özil,15,1,53,0,3,FALSE,69,2.9,1439,1,3,5,20,0,0,0,1,0,0,1,256,223.6,582.9,190,99.8
Granit,Xhaka,Xhaka,18,1,73,0,3,FALSE,51,2.4,2586,1,2,10,31,0,0,0,10,0,0,2,408,486.2,298.5,110,89.9
Lucas,Torreira,Torreira,19,1,46,0,3,FALSE,47,1.6,1501,1,1,3,23,0,0,0,7,0,0,0,247,281.8,207.1,207,69.7
Calum,Chambers,Chambers,467,1,42,0,2,FALSE,43,3,1102,1,1,3,15,0,0,0,5,0,0,5,197,272,113.5,203,58.7
Cédric,Soares,Cédric,486,1,61,0,2,FALSE,48,2.9,1553,1,1,4,20,0,0,0,1,0,0,3,286,349,218.9,118,68.7
Reiss,Nelson,Nelson,489,1,30,0,3,FALSE,53,1.8,622,1,1,2,7,0,0,0,1,0,0,0,105,110.4,148.3,185,44.4
Joseph,Willock,Willock,490,1,41,0,3,FALSE,47,1.4,838,1,1,1,16,0,0,0,2,0,0,0,150,176.8,165.9,212,55.2
Gabriel Teodoro,Martinelli Silva,Martinelli,504,1,39,0,4,FALSE,42,2.8,656,3,1,2,9,0,0,0,1,0,0,5,129,162.8,36.6,226,42.5
Bukayo,Saka,Saka,541,1,71,0,3,FALSE,47,2.7,1746,1,6,7,18,0,0,0,6,0,0,4,259,327.2,322.5,248,89.8
Ahmed,El Mohamady,El Mohamady,22,2,39,0,2,FALSE,41,2.2,1024,1,1,2,28,0,0,0,1,0,0,7,224,254.6,324.1,67,64.6
Anwar,El Ghazi,El Ghazi,30,2,93,0,3,FALSE,52,2.7,2046,4,5,5,48,0,0,0,3,0,0,0,281,383.2,482.2,655,152
John,McGinn,McGinn,31,2,84,0,3,FALSE,52,3,2312,3,3,6,41,0,0,0,3,0,0,4,321,458.6,503.3,499,145.9
Douglas Luiz,Soares de Paulo,Douglas Luiz,470,2,90,0,3,FALSE,43,2.5,2604,3,2,8,51,0,0,0,8,0,0,5,411,508.6,293.2,377,118
Mbwana,Samatta,Samatta,613,2,29,0,4,FALSE,51,2.1,940,1,0,4,18,0,0,0,1,0,0,2,74,67.6,131.5,245,44.2
Ryan,Fraser,Fraser,75,3,73,0,3,FALSE,68,2.6,2061,1,5,4,34,0,0,0,2,0,0,2,305,355.6,627.1,440,141.9
David,Brooks,Brooks,76,3,21,0,3,FALSE,61,2.3,505,1,0,1,12,0,0,0,1,0,0,1,73,82.2,100.8,71,25.4
Junior,Stanislas,Stanislas,77,3,42,0,3,FALSE,58,2.8,706,3,1,1,17,0,0,0,1,0,0,2,155,179,185.4,241,60.7
Dan,Gosling,Gosling,81,3,54,0,3,FALSE,48,2.2,1254,3,1,2,23,0,0,0,3,0,0,1,186,316.4,151.9,259,72.6
Jefferson,Lerma,Lerma,82,3,65,0,3,FALSE,48,2,2702,1,2,4,49,0,0,0,11,1,0,2,376,439,189.4,169,79.4
Shane,Duffy,Duffy,37,4,44,0,2,FALSE,48,2.3,1232,1,0,3,18,0,0,0,2,0,0,1,227,288,29.8,100,41.8
Glenn,Murray,Murray,44,4,36,0,4,FALSE,54,1.6,785,1,1,2,10,0,0,0,0,0,0,0,74,74,57.1,249,37.7
Florin,Andone,Andone,46,4,5,0,4,FALSE,47,1.7,71,1,0,0,2,0,0,0,0,1,0,1,20,45,11.3,21,7.6
Pascal,Groß,Groß,49,4,76,0,3,FALSE,62,2.6,1791,2,5,3,32,1,0,0,4,0,0,7,326,388.2,908.5,323,161.6
Alireza,Jahanbakhsh,Jahanbakhsh,50,4,28,0,3,FALSE,58,2.8,305,2,1,1,4,0,0,0,0,0,0,2,90,90.6,62.5,106,25.9
Yves,Bissouma,Bissouma,53,4,39,0,3,FALSE,50,1.8,1253,1,0,4,18,0,0,0,4,0,0,0,207,238.8,110.6,101,45.1
Davy,Pröpper,Pröpper,54,4,78,0,3,FALSE,48,2.2,2826,1,2,6,46,1,0,0,4,0,0,2,441,522.2,434.1,271,122.5
Johann Berg,Gudmundsson,Gudmundsson,96,5,30,0,3,FALSE,59,2.5,617,1,1,3,7,0,0,0,0,0,0,1,98,118.6,215.4,108,44.1
Robbie,Brady,Brady,98,5,32,0,3,FALSE,55,1.9,445,1,2,1,10,0,0,0,1,0,0,0,112,118.6,102.1,128,34.9
Jeff,Hendrick,Hendrick,100,5,67,0,3,FALSE,54,2.8,1930,2,2,10,30,0,0,0,8,0,0,4,197,269.8,213.7,282,76.5
Olivier,Giroud,Giroud,110,6,68,0,4,FALSE,67,3.8,988,8,1,6,16,0,0,0,1,0,0,5,253,316.2,144.8,598,105.4
Callum,Hudson-Odoi,Hudson-Odoi,116,6,53,0,3,FALSE,51,2.4,849,1,5,2,14,0,0,0,1,0,0,3,197,235.2,341.4,325,89.9
N'Golo,Kanté,Kanté,119,6,57,0,3,FALSE,50,2.6,1730,3,0,3,25,0,0,0,4,0,0,2,294,422.8,424.5,214,106.3
Mateo,Kovacic,Kovacic,432,6,68,0,3,FALSE,53,2.2,2065,1,3,4,37,0,0,0,8,0,0,6,461,497,458.5,186,114
Michy,Batshuayi,Batshuayi,461,6,28,0,4,FALSE,66,1.8,224,1,2,0,8,0,0,0,0,0,0,1,59,61.8,42.9,185,28.3
Christian,Benteke,Benteke,129,7,42,0,4,FALSE,57,1.8,1252,2,1,5,18,0,0,0,4,1,0,1,133,231.8,248.3,632,110.9
Connor,Wickham,Wickham,130,7,15,0,4,FALSE,43,2.5,90,1,1,0,2,0,0,0,0,0,0,2,48,59.8,34.5,64,15.8
Andros,Townsend,Townsend,135,7,48,0,3,FALSE,56,2,1284,1,1,3,23,0,0,0,0,0,0,0,221,246.4,247.1,122,61.6
Cheikhou,Kouyaté,Kouyaté,139,7,85,0,3,FALSE,48,2.4,2524,1,2,10,36,0,0,0,4,0,0,4,288,394.6,162.3,279,83.5
Alex,Iwobi,Iwobi,17,8,52,0,3,FALSE,56,2.1,1591,1,0,4,30,0,0,0,0,0,0,2,227,246.4,383.7,329,95.9
Cenk,Tosun,Tosun,146,8,24,0,4,FALSE,57,2.4,462,2,0,2,6,0,0,0,0,0,0,1,86,89,63.4,229,37.7
Gylfi,Sigurdsson,Sigurdsson,151,8,95,0,3,FALSE,73,2.7,2555,2,4,6,45,0,0,0,3,0,0,7,397,454.6,765.1,484,170.5
Theo,Walcott,Walcott,153,8,63,0,3,FALSE,62,2.5,1281,2,4,4,19,0,0,0,1,0,0,1,186,225,289.1,521,103.7
Moise,Kean,Kean,496,8,53,0,4,FALSE,63,1.8,830,2,2,1,15,0,0,0,1,0,0,5,138,153.6,136.5,429,71.1
Demarai,Gray,Gray,175,9,44,0,3,FALSE,50,2.1,605,2,4,1,6,0,0,1,1,0,0,0,151,205.4,242.3,263,70.8
Wilfred,Ndidi,Ndidi,176,9,85,0,3,FALSE,50,2.7,2671,2,1,12,32,0,0,0,6,0,0,5,443,611.6,254.4,205,107.2
Hamza,Choudhury,Choudhury,180,9,35,0,3,FALSE,42,1.8,883,1,1,3,12,0,0,0,2,1,0,0,153,177.6,70,83,33.1
Dennis,Praet,Praet,517,9,54,0,3,FALSE,52,2,1122,1,3,2,17,0,0,0,2,0,0,3,203,196.2,161.6,210,56.5
Joel,Matip,Matip,185,10,39,0,2,FALSE,52,4.3,703,1,0,3,5,0,0,0,0,0,0,4,167,198.2,23,39,26.2
Alex,Oxlade-Chamberlain,Chamberlain,193,10,76,0,3,FALSE,61,2.5,1475,4,1,8,12,1,0,0,1,0,0,2,268,300,298.2,406,99.9
Xherdan,Shaqiri,Shaqiri,194,10,15,0,3,FALSE,63,2.1,181,1,0,1,2,0,0,0,0,0,0,0,54,47.8,51.6,37,13.7
Adam,Lallana,Lallana,195,10,27,0,3,FALSE,57,1.8,371,1,1,1,5,0,0,0,1,0,0,1,97,107.2,68.8,74,25.1
Curtis,Jones,Jones,569,10,13,0,3,FALSE,45,2.2,121,1,0,1,1,0,0,0,0,0,0,0,46,49.4,15.6,65,12.9
Ilkay,Gündogan,Gündogan,222,11,65,0,3,FALSE,51,2.1,2012,2,1,7,28,0,0,1,7,0,0,4,382,408.4,592.3,374,137.5
Jesse,Lingard,Lingard,241,12,32,0,3,FALSE,63,1.5,923,1,0,1,14,0,0,0,3,0,0,0,99,109,278.2,297,68.2
Daniel,James,James,243,12,95,0,3,FALSE,57,2.9,2281,3,6,7,29,0,0,0,4,0,0,2,308,415.2,428.1,622,146
Andreas,Pereira,Pereira,246,12,60,0,3,FALSE,47,2.4,1478,1,3,6,16,0,0,0,3,0,0,1,198,245.6,432.1,343,102.3
Scott,McTominay,McTominay,248,12,74,0,3,FALSE,48,2.7,1765,3,2,3,20,0,0,0,2,0,0,6,310,415.6,238.4,310,96.4
Fabian,Schär,Schär,252,13,55,0,2,FALSE,50,2.5,1669,2,1,4,38,0,0,0,5,0,0,2,297,440.6,58.3,179,67.8
DeAndre,Yedlin,Yedlin,253,13,26,0,2,FALSE,44,1.6,934,1,0,1,18,0,0,0,3,0,0,0,122,165.6,118.1,43,32.9
Jonjo,Shelvey,Shelvey,269,13,105,0,3,FALSE,49,4,2118,6,2,8,34,0,0,0,3,0,0,15,437,559.4,597.4,344,150.4
Sean,Longstaff,Longstaff,270,13,44,0,3,FALSE,50,1.9,1370,1,2,2,26,0,0,0,2,1,0,0,181,235.8,217.1,155,60.8
Isaac,Hayden,Hayden,271,13,73,0,3,FALSE,44,2.5,2220,1,4,8,36,0,0,0,4,1,0,3,309,368.6,227.6,189,78.5
Joelinton Cássio,Apolinário de Lira,Joelinton,466,13,78,0,4,FALSE,55,2.1,2678,2,2,9,46,0,0,0,7,0,0,3,236,330.8,433.4,641,140.5
Dwight,Gayle,Gayle,554,13,58,0,4,FALSE,50,2.9,842,4,2,4,15,0,0,0,2,0,0,10,190,217,86.2,348,64.7
Valentino,Lazaro,Lazaro,614,13,19,0,3,FALSE,53,1.5,472,1,0,0,13,0,0,0,0,1,0,0,81,84.2,88.1,38,21
Dennis,Srbeny,Srbeny,279,14,13,0,4,FALSE,52,1.6,41,1,0,0,2,0,0,0,0,0,0,1,50,44.2,3.4,25,7
Mario,Vrancic,Vrancic,282,14,29,0,3,FALSE,62,1.4,624,1,0,0,19,0,0,0,3,0,0,1,116,123,107.9,123,35.4
Onel,Hernández,Hernández,284,14,52,0,3,FALSE,53,2,1374,1,2,1,32,0,0,0,0,0,0,0,173,227.2,235.5,445,90.5
Kenny,McLean,McLean,286,14,77,0,3,FALSE,48,2.1,2965,1,1,5,63,0,0,0,5,0,0,0,424,505.8,423.9,274,120.4
Alexander,Tettey,Tettey,289,14,67,0,3,FALSE,44,2.2,2339,1,1,5,44,0,0,0,5,0,0,3,404,358,116.5,173,64.9
Josip,Drmic,Drmic,434,14,26,0,4,FALSE,53,1.2,636,1,0,0,13,0,0,0,0,1,0,0,67,59.6,67.3,231,35.3
Oliver,McBurnie,McBurnie,501,15,86,0,4,FALSE,55,2.4,2105,6,1,9,25,0,0,0,4,0,0,6,300,424.4,186.9,830,143.7
Sander,Berge,Berge,621,15,40,0,3,FALSE,47,2.9,943,1,1,4,11,0,0,0,0,0,0,3,147,152.4,66,82,30.3
Ryan,Bertrand,Bertrand,305,16,75,0,2,FALSE,48,2.3,2742,1,1,7,52,0,0,0,3,1,0,0,432,436.8,538.5,234,121.1
Jan,Bednarek,Bednarek,307,16,84,0,2,FALSE,44,2.5,3057,1,1,7,57,1,0,0,4,0,0,5,539,729.8,45.5,95,87.5
Michael,Obafemi,Obafemi,314,16,45,0,4,FALSE,49,2.1,655,3,2,3,12,0,0,0,1,0,0,2,165,170.8,130.7,235,53.4
James,Ward-Prowse,Ward-Prowse,321,16,117,0,3,FALSE,57,3.1,3420,5,4,9,60,0,0,2,9,0,0,8,587,864.6,989.9,548,240.7
Christian,Eriksen,Eriksen,343,17,48,0,3,FALSE,86,2.4,1090,2,2,1,18,0,0,0,5,0,0,6,205,262.4,348.9,225,83.3
Moussa,Sissoko,Sissoko,349,17,69,0,3,FALSE,48,2.4,2451,2,1,7,31,0,0,0,8,0,0,0,386,346,275.7,189,81
Tanguy,Ndombele,Ndombele,442,17,45,0,3,FALSE,58,2.1,1002,2,2,1,17,0,0,0,3,0,0,2,220,274.2,194.8,122,59.2
Steven,Bergwijn,Bergwijn,615,17,43,0,3,FALSE,69,3.1,699,3,1,2,9,0,0,0,2,0,0,5,141,174.2,187.3,147,50.8
Adam,Masina,Masina,355,18,66,0,2,FALSE,43,2.5,1815,1,0,6,31,0,0,0,3,0,0,4,281,351.2,201.3,109,66.4
Andre,Gray,Gray,364,18,39,0,4,FALSE,55,1.7,741,2,1,0,17,0,0,0,1,0,0,2,117,106.2,129.5,287,51.2
Roberto,Pereyra,Pereyra,369,18,60,0,3,FALSE,56,2.1,1641,3,0,5,27,0,0,0,4,0,0,0,194,237.8,293.4,350,88
Will,Hughes,Hughes,370,18,62,0,3,FALSE,53,2.1,2249,1,1,5,46,0,0,0,9,0,0,3,265,352.2,413.1,270,103.6
Tom,Cleverley,Cleverley,371,18,33,0,3,FALSE,48,1.8,964,1,0,1,26,0,0,0,2,0,0,2,153,174.8,219.2,221,61.6
Craig,Dawson,Dawson,439,18,61,0,2,FALSE,48,2.1,2359,2,0,4,49,0,0,0,6,0,0,2,353,550.6,67.5,403,102.1
Angelo,Ogbonna,Ogbonna,377,19,81,0,2,FALSE,45,2.6,2786,2,0,7,44,1,0,0,4,0,0,0,453,579,37.8,168,78.4
Felipe Anderson,Pereira Gomes,Felipe Anderson,390,19,66,0,3,FALSE,66,2.6,1493,1,4,7,27,0,0,0,1,0,0,1,299,377.2,414.7,355,114.8
Tomas,Soucek,Soucek,616,19,41,0,3,FALSE,48,3.2,1039,3,0,1,18,1,0,0,0,0,0,3,155,254.2,73.1,293,62.1
Jarrod,Bowen,Bowen,626,19,44,0,3,FALSE,64,3.4,916,1,4,1,13,0,0,0,0,0,0,3,173,221.4,235,342,79.8
João Filipe Iria,Santos Moutinho,Moutinho,415,20,113,0,3,FALSE,53,3,3105,1,7,11,36,0,0,0,7,0,0,12,617,712,1200.1,122,204
Patrick,Cutrone,Cutrone,487,20,23,0,4,FALSE,54,1.9,292,2,0,1,6,0,0,0,0,0,0,0,69,85.2,35.6,155,27.5
Pedro,Lomba Neto,Neto,528,20,57,0,3,FALSE,49,2,920,3,3,1,12,0,0,0,3,0,0,0,194,227.8,232,260,71.8
Shkodran,Mustafi,Mustafi,1,1,43,0,2,FALSE,51,2.9,1205,0,2,4,17,0,0,0,2,0,0,2,242,277.2,45.5,155,47.9
Sead,Kolasinac,Kolasinac,3,1,55,0,2,FALSE,52,2.1,1694,0,2,4,26,0,0,0,4,0,0,1,331,269.6,182.5,81,53
Nacho,Monreal,Monreal,6,1,10,0,2,FALSE,50,3.3,270,0,0,1,4,0,0,0,0,0,0,1,54,47.2,40.8,12,10
Rob,Holding,Holding,10,1,16,0,2,FALSE,44,2,580,0,0,1,9,0,0,0,1,0,0,2,96,133.6,4.8,19,15.8
Matteo,Guendouzi,Guendouzi,21,1,48,0,3,FALSE,41,2,1744,0,2,3,31,0,0,0,6,0,0,2,272,333.6,235.1,146,71.6
Pablo,Marí,Marí,617,1,8,0,2,FALSE,44,4,113,0,0,1,0,0,0,0,0,0,0,1,31,27.8,1.7,0,3
Simon,Francis,Francis,62,3,16,0,2,FALSE,43,1.1,964,0,0,1,21,0,0,0,3,1,0,1,161,263.8,64.4,72,40.2
Jack,Stacey,Stacey,446,3,39,0,2,FALSE,43,2.1,1547,0,2,1,27,0,0,0,2,0,0,4,241,308.8,147.2,86,54.3
Bernardo,Fernandes da Silva Junior,Bernardo,39,4,21,0,2,FALSE,43,1.5,675,0,0,1,17,0,0,0,1,0,0,3,121,154,72.6,92,31.9
Solomon,March,March,55,4,38,0,3,FALSE,46,2,1139,0,1,4,15,0,0,0,2,0,0,3,129,189.4,239.6,274,70.4
Dale,Stephens,Stephens,57,4,63,0,3,FALSE,44,1.9,2525,0,1,6,42,0,0,0,8,0,0,1,406,438.6,292.8,90,82.2
Dan,Burn,Burn,475,4,86,0,2,FALSE,45,2.5,2879,0,0,9,42,0,0,0,5,0,0,3,480,602.8,311.9,128,104.2
Matthew,Lowton,Lowton,85,5,48,0,2,FALSE,42,2.8,1530,0,1,6,31,0,0,0,2,0,0,1,270,294.2,181.7,15,49.2
Kurt,Zouma,Zouma,459,6,62,0,2,FALSE,47,2.2,2343,0,0,7,37,1,0,0,6,0,0,2,432,518,40.1,162,71.7
Joel,Ward,Ward,126,7,77,0,2,FALSE,43,2.7,2380,0,1,7,36,0,0,0,4,0,0,8,392,427,117,49,59.5
Martin,Kelly,Kelly,128,7,64,0,2,FALSE,41,3.4,1547,0,1,6,16,0,0,0,0,0,0,4,288,305.4,96.5,15,41.7
James,McArthur,McArthur,138,7,92,0,3,FALSE,52,2.5,3091,0,4,11,38,0,0,0,6,0,0,2,420,586.6,486.6,421,149.6
Gary,Cahill,Cahill,503,7,70,0,2,FALSE,43,2.8,2167,0,1,7,35,0,0,0,1,0,0,4,395,448.4,40,342,83.4
Seamus,Coleman,Coleman,144,8,55,0,2,FALSE,53,2,1833,0,1,5,29,0,0,0,3,1,0,2,325,321.2,149,175,64.6
Fabian,Delph,Delph,205,8,24,0,2,FALSE,53,1.5,1187,0,0,2,24,0,0,0,3,1,0,2,202,183,146.7,24,35.4
André Filipe,Tavares Gomes,André Gomes,422,8,39,0,3,FALSE,52,2.1,1457,0,1,5,20,0,0,0,6,0,0,3,184,156.6,179.4,33,36.4
Mason,Holgate,Holgate,478,8,71,0,2,FALSE,42,2.6,2052,0,4,5,34,0,0,0,5,0,0,6,412,465.4,63.9,152,68.3
Anthony,Gordon,Gordon,561,8,17,0,4,FALSE,45,1.5,436,0,1,0,6,0,0,0,0,0,0,1,63,76,98.4,44,21.8
Jarrad,Branthwaite,Branthwaite,637,8,11,0,2,FALSE,40,2.8,299,0,0,1,6,0,0,0,0,0,0,2,69,66,2.2,0,6.9
Christian,Fuchs,Fuchs,163,9,26,0,2,FALSE,42,2.4,770,0,0,2,10,0,0,0,0,0,0,2,139,144.4,53.5,20,21.8
Marc,Albrighton,Albrighton,174,9,38,0,3,FALSE,51,1.9,857,0,3,3,11,0,0,0,2,0,0,1,185,190.6,287.9,102,58.1
Ryan,Bennett,Bennett,404,9,32,0,2,FALSE,48,2,932,0,0,3,17,0,0,0,2,0,0,2,176,161.4,41,16,21.8
Joseph,Gomez,Gomez,184,10,93,0,2,FALSE,53,3.3,1999,0,0,12,16,0,0,0,7,0,0,7,461,390.6,105.7,12,50.9
Neco,Williams,Williams,575,10,14,0,2,FALSE,40,2.3,228,0,0,1,2,0,0,0,1,0,0,3,53,49.4,53.3,98,20
Benjamin,Mendy,Mendy,204,11,74,0,2,FALSE,55,3.9,1491,0,2,9,13,0,0,0,3,0,0,3,378,243,403.2,106,75.5
Oleksandr,Zinchenko,Zinchenko,206,11,49,0,2,FALSE,52,2.6,1271,0,0,6,15,0,0,0,0,1,0,1,295,232,375.8,102,71.2
Fernando,Luiz Rosa,Fernandinho,221,11,55,0,3,FALSE,51,1.8,2394,0,1,10,27,1,0,0,7,2,0,1,401,557.6,146.2,175,87.9
José Ángel,Esmorís Tasende,Angeliño,440,11,11,0,2,FALSE,46,1.8,422,0,1,0,7,0,0,0,1,0,0,1,94,92.6,164,58,31.6
João Pedro Cavaco,Cancelo,Cancelo,518,11,45,0,2,FALSE,51,2.6,1205,0,0,5,11,0,0,0,4,0,0,3,299,265,287.6,141,69.3
Luke,Shaw,Shaw,226,12,67,0,2,FALSE,54,2.8,1730,0,0,8,15,0,0,0,7,0,0,2,381,344.2,321.2,187,85.1
Nemanja,Matic,Matic,247,12,55,0,3,FALSE,48,2.6,1578,0,2,10,13,0,0,0,2,0,0,2,287,357.4,250.3,53,66.2
Paul,Dummett,Dummett,255,13,44,0,2,FALSE,43,2.8,1227,0,0,5,20,1,0,0,2,0,0,4,230,265.2,63.1,50,37.7
Emil,Krafth,Krafth,519,13,37,0,2,FALSE,43,2.2,1015,0,1,3,23,0,0,0,0,0,0,2,187,184.4,28.8,39,25.2
Christoph,Zimmermann,Zimmermann,275,14,35,0,2,FALSE,44,2.1,1430,0,1,3,27,0,0,0,3,0,0,1,247,366.4,25.5,62,45.6
Grant,Hanley,Hanley,277,14,23,0,2,FALSE,40,1.5,1261,0,0,2,25,1,0,0,4,0,0,1,214,318.8,3.6,76,40
Sam,Byram,Byram,454,14,32,0,2,FALSE,43,1.9,1292,0,0,3,23,0,0,0,4,0,0,2,201,273.2,109.2,218,60.2
Chris,Basham,Basham,423,15,123,0,2,FALSE,46,3.2,3242,0,1,13,37,0,0,0,4,0,0,6,639,707.6,212.1,103,102.7
Jack,Robinson,Jack Robinson,611,15,14,0,2,FALSE,40,2.3,504,0,0,1,11,0,0,0,0,0,0,2,87,106.8,30.4,2,14
Maya,Yoshida,Yoshida,310,16,10,0,2,FALSE,41,1.2,558,0,0,1,18,0,0,0,1,0,0,1,85,96.8,3.7,77,17.7
Pierre-Emile,Højbjerg,Højbjerg,325,16,75,0,3,FALSE,48,2.3,2750,0,3,7,51,0,0,0,5,0,0,1,412,493,469,368,133.1
Oriol,Romeu Vidal,Oriol Romeu,328,16,51,0,3,FALSE,43,1.7,1855,0,0,5,38,0,0,0,5,0,0,1,301,333.2,272.9,69,67.6
Kyle,Walker-Peters,Walker-Peters,337,16,32,0,2,FALSE,44,2.5,944,0,1,2,12,0,0,0,1,0,0,2,194,168.2,108.6,48,32.2
William,Smallbone,Smallbone,584,16,24,0,3,FALSE,45,2.7,389,0,2,3,4,0,0,0,0,0,0,1,84,70.2,53.2,43,16.5
Ben,Davies,Davies,329,17,41,0,2,FALSE,53,2.3,1430,0,0,4,19,0,0,0,6,0,0,2,223,279.8,172.4,94,54.4
Giovani,Lo Celso,Lo Celso,523,17,54,0,3,FALSE,73,1.9,1482,0,3,6,18,0,0,0,6,0,0,3,250,303.2,459.4,176,93.9
Adrian,Mariappa,Mariappa,356,18,26,0,2,FALSE,41,1.3,1509,0,0,3,33,1,0,0,4,1,0,1,185,216.6,75.2,32,31.7
Etienne,Capoue,Capoue,373,18,78,0,3,FALSE,48,2.6,2627,0,4,8,48,0,0,0,8,0,0,7,394,482.8,313.6,102,90
Nathaniel,Chalobah,Chalobah,374,18,36,0,3,FALSE,44,1.6,919,0,1,2,14,0,0,0,1,0,0,2,142,162.2,130.3,55,34.5
Manuel,Lanzini,Lanzini,391,19,50,0,3,FALSE,61,2.1,1370,0,3,2,30,0,0,0,1,0,0,3,234,219,464.8,281,96.5
Conor,Coady,Coady,403,20,118,0,2,FALSE,51,3.1,3420,0,0,13,40,0,0,0,5,0,0,7,648,556.4,68.8,0,62.4
Willy,Boly,Boly,405,20,97,0,2,FALSE,49,4.4,1980,0,1,12,15,0,0,0,1,1,0,10,470,477,85.8,119,68.4
Rúben Gonçalo,Silva Nascimento Vinagre,Vinagre,406,20,32,0,2,FALSE,41,2,644,0,0,3,6,0,0,0,1,0,0,1,134,130.4,96.2,56,28.1
Henrikh,Mkhitaryan,Mkhitaryan,16,1,4,0,3,FALSE,67,1.3,110,0,0,1,0,0,0,0,1,0,0,0,3,5.4,33.9,46,8.6
Emile,Smith Rowe,Smith Rowe,576,1,4,0,3,FALSE,43,2,96,0,0,1,0,0,0,0,0,0,0,0,13,9.8,6.3,0,1.6
Neil,Taylor,Taylor,24,2,22,0,2,FALSE,42,1.6,1088,0,0,2,25,0,0,0,2,0,0,0,163,157.6,79.7,29,26.7
Jonathan,Kodjia,Kodjia,26,2,5,0,4,FALSE,54,0.8,111,0,0,0,6,0,0,0,1,0,0,0,14,3.4,12.2,24,3.8
Keinan,Davis,Davis,34,2,25,0,3,FALSE,42,1.4,534,0,1,1,7,0,0,0,0,0,0,0,43,27.8,71.7,212,29.9
Henri,Lansbury,Lansbury,35,2,12,0,3,FALSE,44,1.2,190,0,0,0,6,0,0,0,0,0,0,0,37,13.4,27.2,13,5.5
José Ignacio,Peleteiro Romallo,Jota,36,2,17,0,3,FALSE,57,1.7,329,0,1,2,5,0,0,0,0,0,0,0,48,47,56.9,73,17.3
Daniel,Drinkwater,Drinkwater,120,2,6,0,3,FALSE,44,1.2,317,0,0,0,11,0,0,0,1,0,0,0,32,18.6,21.2,8,4.7
Marvelous,Nakamba,Nakamba,491,2,43,0,3,FALSE,44,1.5,1826,0,0,1,37,0,0,0,5,0,0,0,273,292.2,162.9,24,47.9
Indiana,Vassilev,Vassilev,600,2,4,0,3,FALSE,45,1,47,0,0,0,1,0,0,0,0,0,0,0,8,1.2,1.6,7,0.9
Borja,González Tomás,Bastón,623,2,2,0,4,FALSE,53,1,16,0,0,0,2,0,0,0,0,0,0,0,5,0.2,1.7,2,0.4
Charlie,Daniels,Daniels,60,3,3,0,2,FALSE,42,1.5,126,0,0,0,2,0,0,0,0,0,0,0,18,22.4,29.6,0,5.2
Lloyd,Kelly,Kelly,64,3,11,0,2,FALSE,44,1.4,638,0,0,1,15,0,0,0,2,0,0,0,85,73.4,28.4,20,12.2
Jack,Simpson,Simpson,66,3,4,0,2,FALSE,39,1,238,0,0,0,6,0,0,0,0,0,0,0,33,33.6,12.7,18,6.4
Sam,Surridge,Surridge,71,3,4,0,4,FALSE,43,1,25,0,0,0,2,0,0,0,0,0,0,0,3,3.4,10.6,24,3.4
Jordon,Ibe,Ibe,78,3,2,0,3,FALSE,46,1,48,0,0,0,1,0,0,0,0,0,0,0,10,6.8,5.4,0,1.2
Lewis,Cook,Lewis Cook,79,3,40,0,3,FALSE,50,1.5,1340,0,1,2,30,0,0,0,5,0,0,0,183,187.8,183.1,68,43.8
Andrew,Surman,Surman,80,3,6,0,3,FALSE,47,1.2,234,0,0,0,6,0,0,0,1,0,0,0,28,23.6,25.5,8,5.6
Arnaut,Danjuma Groeneveld,Danjuma,492,3,24,0,3,FALSE,58,1.7,625,0,1,2,12,0,0,0,0,0,0,0,60,60.6,82.6,139,27.9
Gaëtan,Bong,Bong,41,4,3,0,2,FALSE,42,0.8,57,0,0,0,3,0,0,0,0,0,0,0,15,16,27.9,6,5
Jürgen,Locadia,Locadia,45,4,3,0,4,FALSE,52,1.5,85,0,0,1,1,0,0,0,0,0,0,0,5,3.2,1.3,30,3.3
Steven,Alzate,Alzate,537,4,33,0,3,FALSE,44,1.7,1181,0,0,3,18,0,0,0,1,0,0,0,183,202,214.1,205,62.3
Ezequiel,Schelotto,Schelotto,546,4,9,0,2,FALSE,39,1.2,357,0,0,0,7,0,0,0,2,0,0,0,40,38.4,12.7,65,11.4
Tariq,Lamptey,Lamptey,586,4,26,0,2,FALSE,41,2.9,619,0,1,3,8,0,0,0,2,0,0,0,136,91.8,82.1,27,20.2
Alexis,Mac Allister,Mac Allister,627,4,12,0,3,FALSE,54,1.3,348,0,0,0,6,0,0,0,0,0,0,0,35,28.4,73.8,66,16.9
Kevin,Long,Long,88,5,21,0,2,FALSE,43,2.6,562,0,0,2,5,0,0,0,0,0,0,0,93,104.8,1.3,24,13
Jack,Cork,Cork,102,5,70,0,3,FALSE,49,2.3,2614,0,0,12,41,0,0,0,1,0,0,0,301,313.2,198.2,311,82.4
Aaron,Lennon,Lennon,430,5,15,0,3,FALSE,46,0.9,485,0,0,0,15,0,0,0,4,0,0,0,51,45,37.8,12,9.6
Josh,Brownhill,Brownhill,620,5,21,0,3,FALSE,48,2.1,805,0,0,4,10,0,0,0,2,0,0,0,111,101.2,58.5,49,20.8
Emerson,Palmieri dos Santos,Emerson,107,6,19,0,2,FALSE,54,1.3,1022,0,0,1,21,0,0,0,3,0,0,0,181,207.8,298.7,225,73.2
Andreas,Christensen,Christensen,108,6,34,0,2,FALSE,48,1.6,1751,0,0,3,33,0,0,0,5,0,0,0,325,353.6,70.9,96,52.1
Ruben,Loftus-Cheek,Loftus-Cheek,115,6,12,0,3,FALSE,59,1.7,203,0,1,1,3,0,0,0,0,0,0,0,37,30.8,30.2,33,9.2
Billy,Gilmour,Gilmour,533,6,9,0,3,FALSE,41,1.5,191,0,0,1,3,0,0,0,0,0,0,0,41,31.4,55.3,5,9.1
Faustino,Anjorin,Anjorin,630,6,1,0,3,FALSE,45,1,19,0,0,0,0,0,0,0,0,0,0,0,1,0,1.2,9,1
Armando,Broja,Broja,631,6,1,0,4,FALSE,45,1,4,0,0,0,0,0,0,0,0,0,0,0,2,0,0.3,0,0
Mamadou,Sakho,Sakho,125,7,11,0,2,FALSE,50,0.8,929,0,0,0,21,0,0,0,1,1,0,0,148,179.2,15.9,6,20.2
Max,Meyer,Meyer,136,7,23,0,3,FALSE,52,1.4,645,0,0,1,11,0,0,0,1,0,0,0,67,68,68.9,103,23.8
Víctor,Camarasa,Camarasa,510,7,1,0,3,FALSE,45,1,5,0,0,0,0,0,0,0,0,0,0,0,3,0.2,0.1,0,0
Jairo,Riedewald,Riedewald,539,7,22,0,3,FALSE,45,1.3,761,0,0,0,9,0,0,0,0,0,0,0,116,117,47.1,27,19.1
Tyrick,Mitchell,Mitchell,579,7,4,0,2,FALSE,40,1,193,0,0,0,4,0,0,0,1,0,0,0,23,36.4,58.7,2,9.7
Brandon,Pierrick,Pierrick,580,7,2,0,3,FALSE,45,1,13,0,0,0,0,0,0,0,0,0,0,0,7,6.4,21,2,2.9
Leighton,Baines,Baines,145,8,14,0,2,FALSE,49,1.8,400,0,1,0,8,0,0,0,0,0,0,0,89,81.8,123.8,5,21.2
Morgan,Schneiderlin,Schneiderlin,158,8,18,0,3,FALSE,44,1.2,998,0,0,1,20,0,0,0,4,1,0,0,132,143.2,78.5,32,25.5
Jean-Philippe,Gbamin,Gbamin,497,8,4,0,3,FALSE,48,2,135,0,0,1,0,0,0,0,0,0,0,0,14,20,6.3,0,2.6
Oumar,Niasse,Niasse,570,8,3,0,4,FALSE,45,1,19,0,0,0,2,0,0,0,0,0,0,0,1,7,1.8,0,0.9
Matty,James,James,177,9,1,0,3,FALSE,43,1,5,0,0,0,0,0,0,0,0,0,0,0,3,0.4,0.1,0,0.1
Nampalys,Mendy,Mendy,179,9,11,0,3,FALSE,43,1.6,288,0,0,1,3,0,0,0,0,0,0,0,71,57.4,51.8,9,11.8
James,Justin,Justin,433,9,35,0,2,FALSE,47,2.7,1010,0,1,4,14,1,0,0,1,0,0,0,196,240.6,195,61,49.6
George,Hirst,Hirst,661,9,2,0,4,FALSE,45,1,9,0,0,0,1,0,0,0,0,0,0,0,3,3.2,0.6,25,2.6
Dejan,Lovren,Lovren,186,10,18,0,2,FALSE,53,1.8,776,0,1,0,11,0,0,0,1,0,0,0,147,196.6,28.1,72,29.8
Harvey,Elliott,Elliott,550,10,2,0,3,FALSE,45,1,7,0,0,0,0,0,0,0,0,0,0,0,6,1.8,1.7,0,0.4
Takumi,Minamino,Minamino,590,10,11,0,3,FALSE,58,1.1,241,0,0,0,2,0,0,0,0,0,0,0,20,17.4,29.9,85,12.7
John,Stones,Stones,207,11,34,0,2,FALSE,53,2.1,1118,0,0,3,16,0,0,0,0,0,0,0,231,216.4,53,66,33.7
Leroy,Sané,Sané,216,11,1,0,3,FALSE,91,1,11,0,0,0,0,0,0,0,0,0,0,0,2,0,1.1,11,1
Eric,Garcia,Garcia,544,11,38,0,2,FALSE,45,2.9,790,0,0,5,7,0,0,0,1,0,0,0,189,153,42.2,26,22.2
Tommy,Doyle,Doyle,644,11,1,0,3,FALSE,45,1,15,0,0,0,0,0,0,0,0,0,0,0,3,3.8,2,7,1.3
Ashley,Young,Young,224,12,24,0,2,FALSE,54,2,953,0,0,2,10,0,0,0,5,0,0,0,158,155.6,316.6,18,49.1
Marcos,Rojo,Rojo,227,12,3,0,2,FALSE,48,1,121,0,0,0,2,0,0,0,1,0,0,0,9,20.2,1.9,6,2.8
Eric,Bailly,Bailly,228,12,9,0,2,FALSE,47,2.2,148,0,0,1,1,0,0,0,0,0,0,0,40,32,1,0,3.3
José Diogo,Dalot Teixeira,Dalot,229,12,4,0,2,FALSE,49,1,65,0,0,0,1,0,0,0,0,0,0,0,10,10.4,4.3,6,1.9
Phil,Jones,Jones,231,12,2,0,2,FALSE,47,1,135,0,0,0,3,0,0,0,0,0,0,0,22,21.4,3,23,4.7
Frederico,Rodrigues de Paula Santos,Fred,244,12,50,0,3,FALSE,51,1.7,2157,0,0,6,26,0,0,0,8,0,0,0,358,430.6,542.7,260,123.5
Angel,Gomes,Gomes,245,12,2,0,3,FALSE,47,1,19,0,0,0,1,0,0,0,0,0,0,0,7,4.2,24.8,2,3.1
Tahith,Chong,Chong,249,12,3,0,3,FALSE,42,1,34,0,0,0,0,0,0,0,0,0,0,0,6,1.4,1.1,6,0.7
James,Garner,Garner,250,12,1,0,3,FALSE,43,1,8,0,0,0,1,0,0,0,0,0,0,0,3,2.2,2.8,0,0.5
Axel,Tuanzebe,Tuanzebe,481,12,7,0,2,FALSE,44,1.4,187,0,0,0,3,0,0,0,0,0,0,0,30,17.6,6.2,0,2.4
Odion,Ighalo,Ighalo,624,12,11,0,4,FALSE,59,1,92,0,0,0,0,0,0,0,0,0,0,0,24,23,23.8,135,18.1
Timothy,Fosu-Mensah,Fosu-Mensah,658,12,7,0,2,FALSE,45,2.3,136,0,0,1,1,0,0,0,1,0,0,0,27,12,28.6,6,4.2
Yoshinori,Muto,Muto,260,13,9,0,4,FALSE,51,1.1,207,0,0,0,7,0,0,0,0,0,0,0,25,12.6,15.4,12,3.7
Christian,Atsu,Atsu,267,13,37,0,3,FALSE,53,1.9,738,0,3,3,15,0,0,0,2,0,0,0,104,121.4,186.7,55,36.3
Sung-yueng,Ki,Ki Sung-yueng,268,13,4,0,3,FALSE,47,1.3,135,0,0,0,6,0,0,0,0,0,0,0,18,17.8,39.8,0,5.8
Danny,Rose,Rose,332,13,47,0,2,FALSE,53,2,1753,0,0,5,28,0,0,0,7,0,0,0,290,288.4,230.8,44,56.5
Andy,Carroll,Carroll,520,13,34,0,4,FALSE,54,1.8,617,0,4,2,10,0,0,0,1,0,0,0,87,136.6,162,211,51.1
Nabil,Bentaleb,Bentaleb,612,13,19,0,3,FALSE,47,1.6,747,0,0,2,16,0,0,0,2,0,0,0,113,104.6,101,20,22.5
Timm,Klose,Klose,272,14,9,0,2,FALSE,43,1.3,585,0,0,0,13,0,0,0,0,0,0,0,77,121.2,2.6,42,16.6
Ben,Godfrey,Godfrey,273,14,38,0,2,FALSE,44,1.3,2644,0,0,3,62,1,0,0,3,1,0,0,447,602.8,57,119,78.3
Marco,Stiepermann,Stiepermann,285,14,32,0,3,FALSE,50,1.3,1173,0,0,1,32,0,0,0,6,0,0,0,96,120.2,188.1,277,58.5
Moritz,Leitner,Leitner,288,14,16,0,3,FALSE,43,1.8,683,0,0,1,16,0,0,0,1,0,0,0,102,106.8,127.7,53,28.8
Tom,Trybull,Trybull,290,14,28,0,3,FALSE,43,1.8,1128,0,0,2,25,0,0,0,2,0,0,0,172,198.2,55.4,92,34.7
Patrick,Roberts,Roberts,435,14,3,0,3,FALSE,50,1,24,0,0,0,2,0,0,0,0,0,0,0,12,4.4,0.6,0,0.5
Ibrahim,Amadou,Amadou,507,14,18,0,3,FALSE,45,1.6,756,0,0,1,20,0,0,0,1,0,0,0,122,177.2,18.3,31,22.7
Adam,Idah,Idah,538,14,13,0,4,FALSE,44,1.1,219,0,0,0,9,0,0,0,0,0,0,0,25,13.8,18.2,47,7.1
Ondrej,Duda,Duda,601,14,24,0,3,FALSE,44,2.4,723,0,1,3,9,0,0,0,0,0,0,0,131,115.8,261.6,105,48.3
Lukas,Rupp,Rupp,602,14,19,0,3,FALSE,44,1.6,692,0,0,1,18,0,0,0,1,0,0,0,79,70.2,109.1,88,26.4
Josh,Martin,Martin,632,14,5,0,3,FALSE,45,1,32,0,0,0,2,0,0,0,0,0,0,0,14,6.6,0.8,17,2.5
Kieron,Freeman,Freeman,292,15,2,0,2,FALSE,42,1,6,0,0,0,0,0,0,0,0,0,0,0,5,0,0.3,0,0
Luke,Freeman,Freeman,441,15,13,0,3,FALSE,50,1.2,360,0,0,1,5,0,0,0,2,0,0,0,38,46.2,77.4,25,14.9
Phil,Jagielka,Jagielka,444,15,6,0,2,FALSE,41,1,240,0,0,0,6,0,0,0,0,0,0,0,50,75.4,4.8,2,8.2
Ravel,Morrison,Morrison,456,15,1,0,3,FALSE,45,1,12,0,0,0,0,0,0,0,0,0,0,0,0,0,0.6,4,0.2
Ben,Osborn,Osborn,472,15,19,0,3,FALSE,47,1.5,590,0,0,2,4,0,0,0,0,0,0,0,84,78.4,108.5,65,25.3
Muhamed,Bešić,Bešić,522,15,9,0,3,FALSE,43,1,243,0,0,0,2,0,0,0,2,0,0,0,40,34.2,21.5,29,8.5
Leon,Clarke,Clarke,547,15,2,0,4,FALSE,44,1,33,0,0,0,2,0,0,0,0,0,0,0,3,4,1.6,6,1
Richairo,Zivkovic,Zivkovic,622,15,5,0,4,FALSE,47,1,107,0,0,0,4,0,0,0,0,0,0,0,15,9.4,28.6,22,6.1
Yan,Valery,Valery,306,16,18,0,2,FALSE,46,1.6,778,0,1,1,20,0,0,0,1,0,0,0,93,112,44.2,77,23.3
Sofiane,Boufal,Boufal,508,16,34,0,3,FALSE,55,1.7,753,0,3,1,17,0,0,0,2,0,0,0,99,149.4,203.7,267,62
Kevin,Danso,Danso,532,16,9,0,2,FALSE,42,1.5,275,0,1,1,8,0,0,0,0,1,0,0,46,58.4,26,6,8.9
Jake,Vokins,Vokins,645,16,2,0,2,FALSE,40,2,90,0,0,0,1,0,0,0,0,0,0,0,10,8.4,16.7,3,2.8
Juan,Foyth,Foyth,335,17,3,0,2,FALSE,48,0.8,66,0,0,0,3,0,0,0,1,0,0,0,9,18.6,12.5,0,3.1
Harry,Winks,Winks,347,17,52,0,3,FALSE,52,1.7,2223,0,0,6,31,0,0,0,9,0,0,0,369,361.8,323.4,74,76.1
Victor,Wanyama,Wanyama,348,17,1,0,3,FALSE,47,0.5,24,0,0,0,2,0,0,0,1,0,0,0,5,1.2,0.9,0,0.2
Eric,Dier,Dier,350,17,36,0,3,FALSE,48,1.9,1340,0,2,3,23,0,0,0,5,0,0,0,172,297.2,100.2,56,45.6
Oliver,Skipp,Skipp,352,17,7,0,3,FALSE,42,1,74,0,0,0,1,0,0,0,0,0,0,0,23,15.2,1.6,0,1.8
Troy,Parrott,Parrott,509,17,2,0,4,FALSE,43,1,6,0,0,0,0,0,0,0,0,0,0,0,6,0.2,0.1,0,0
Ryan,Sessegnon,Sessegnon,524,17,9,0,3,FALSE,54,1.5,341,0,0,0,5,0,0,0,0,0,0,0,41,45.4,39.9,34,11.9
Japhet,Tanganga,Tanganga,583,17,17,0,2,FALSE,39,2.8,525,0,0,2,7,0,0,0,1,0,0,0,100,134.4,17.2,20,17.1
Gedson,Carvalho Fernandes,Fernandes,605,17,7,0,3,FALSE,46,1,62,0,0,0,1,0,0,0,0,0,0,0,20,17.2,34.3,20,7.2
José,Holebas,Holebas,353,18,21,0,2,FALSE,46,1.5,1022,0,1,2,28,0,0,0,5,0,0,0,153,171.4,208.4,62,44.1
Francisco,Femenía Far,Kiko Femenía,357,18,54,0,2,FALSE,42,1.9,2236,0,1,5,46,0,0,0,5,0,0,0,366,363.2,320.9,58,74.4
Isaac,Success Ajayi,Success,365,18,4,0,4,FALSE,47,0.8,65,0,0,0,3,0,0,0,1,0,0,0,8,6.2,13.6,17,3.7
Domingos,Quina,Quina,375,18,4,0,3,FALSE,43,1,18,0,0,0,2,0,0,0,0,0,0,0,10,7.4,0.8,7,1.5
João Pedro,Junqueira de Jesus,João Pedro,592,18,3,0,4,FALSE,48,1,22,0,0,0,1,0,0,0,0,0,0,0,8,4.2,6.4,8,1.7
Ignacio,Pussetto,Pussetto,604,18,6,0,3,FALSE,46,0.9,67,0,0,0,3,0,0,0,1,0,0,0,20,29.4,5,2,3.6
Pablo,Zabaleta,Zabaleta,379,19,10,0,2,FALSE,41,1,588,0,0,0,14,0,0,0,2,0,0,0,90,110.4,50.5,12,17.4
Ben,Johnson,Johnson,384,19,6,0,2,FALSE,40,2,270,0,0,0,3,0,0,0,0,0,0,0,32,48,25.2,1,7.4
Jack,Wilshere,Wilshere,394,19,8,0,3,FALSE,46,1,209,0,0,0,5,0,0,0,0,0,0,0,14,6.4,7,4,1.5
Albian,Ajeti,Ajeti,514,19,9,0,4,FALSE,56,1,132,0,0,0,3,0,0,0,0,0,0,0,16,5.2,22.9,47,7.3
Nathan,Holland,Holland,568,19,2,0,3,FALSE,44,1,31,0,0,0,1,0,0,0,0,0,0,0,10,12.6,3.8,9,2.5
Jeremy,Ngakia,Ngakia,593,19,8,0,2,FALSE,40,1.6,440,0,0,0,8,0,0,0,0,0,0,0,48,78,10.7,9,9.8
Max,Kilman,Kilman,408,20,5,0,2,FALSE,39,1.7,184,0,0,0,2,0,0,0,0,0,0,0,24,35.2,1.2,0,3.7
Morgan,Gibbs-White,Gibbs-White,416,20,11,0,3,FALSE,47,1.6,125,0,1,0,2,0,0,0,0,0,0,0,39,6.6,44.1,12,6.3
Jesús,Vallejo Lázaro,Vallejo,473,20,1,0,2,FALSE,46,0.5,162,0,0,0,6,0,0,0,1,0,0,0,22,35.6,7,0,4.3
Bruno André,Cavaco Jordao,Jordao,609,20,1,0,3,FALSE,45,1,6,0,0,0,0,0,0,0,0,0,0,0,4,2.6,10.4,0,1.3
Bernd,Leno,Leno,14,1,114,1,1,FALSE,48,3.8,2649,0,0,7,39,0,1,0,2,0,113,10,591,843.2,0,0,84.1
Emiliano,Martínez,Martínez,427,1,33,0,1,FALSE,44,3.7,770,0,0,3,9,0,0,0,2,0,34,1,169,256.8,0,0,25.8
Ørjan,Nyland,Nyland,27,2,15,0,1,FALSE,43,2.1,537,0,0,1,12,0,0,0,0,0,15,0,90,101.2,0,0,10.2
Tom,Heaton,Heaton,94,2,59,1,1,FALSE,43,3,1794,0,0,4,35,1,0,0,0,0,67,3,346,507.4,0.3,0,50.7
José,Reina,Reina,603,2,41,2,1,FALSE,42,3.4,1080,0,0,2,20,0,1,0,1,0,33,4,203,289.4,10,0,30
Mark,Travers,Travers,74,3,1,0,1,FALSE,42,1,90,0,0,0,3,0,0,0,0,0,2,0,9,15.2,0,0,1.5
Aaron,Ramsdale,Ramsdale,494,3,126,4,1,FALSE,44,3.4,3330,0,1,5,62,0,1,0,0,0,128,13,680,973.8,24,0,99.7
Mathew,Ryan,Ryan,47,4,135,0,1,FALSE,47,3.6,3420,0,0,9,54,0,0,0,0,0,117,14,754,1000,0,0,100.1
Nick,Pope,Pope,93,5,170,3,1,TRUE,52,4.5,3420,0,0,15,50,0,1,0,1,0,120,23,789,900,30.3,2,93.1
Kepa,Arrizabalaga,Kepa,111,6,90,0,1,FALSE,54,2.7,2970,0,0,8,47,0,0,0,0,0,55,0,507,503.6,0,0,50.2
Willy,Caballero,Caballero,112,6,13,0,1,FALSE,48,2.6,450,0,0,1,7,0,0,0,0,0,10,0,74,90.2,0,0,9
Vicente,Guaita,Guaita,131,7,137,3,1,FALSE,49,3.9,3150,0,0,10,42,1,0,0,1,0,111,16,643,827.2,0,0,82.6
Wayne,Hennessey,Hennessey,132,7,7,0,1,FALSE,42,2.3,270,0,0,0,8,0,0,0,0,0,16,0,58,110.4,0,0,11
Jordan,Pickford,Pickford,148,8,117,1,1,FALSE,52,3.1,3420,0,0,9,56,0,0,0,2,0,94,5,626,755.6,13,0,76.7
Kasper,Schmeichel,Schmeichel,168,9,156,2,1,FALSE,55,4.1,3420,0,0,13,41,0,2,0,2,0,97,10,707,863.4,30,2,89.6
Alisson,Ramses Becker,Alisson,189,10,122,1,1,FALSE,62,4.2,2543,0,1,13,24,0,0,0,0,1,58,11,558,503,10,0,51.5
Adrián,San Miguel del Castillo,Adrián,526,10,27,0,1,FALSE,40,2.5,873,0,0,2,10,0,0,0,1,0,18,0,136,131.4,0,0,13.2
Ederson,Santana de Moraes,Ederson,212,11,133,0,1,FALSE,61,3.8,3071,0,0,16,31,0,0,0,3,1,68,2,645,608.6,16,0,62.3
Claudio,Bravo,Bravo,213,11,11,0,1,FALSE,47,2.8,346,0,0,1,7,0,0,0,0,0,8,0,69,57.8,0,0,5.8
David,de Gea,de Gea,235,12,143,3,1,FALSE,53,3.8,3420,0,0,13,36,0,0,0,2,0,95,8,630,695,0,0,69.2
Martin,Dubravka,Dubravka,262,13,143,1,1,FALSE,51,3.8,3420,0,0,11,58,0,0,0,0,0,139,7,719,1019,0,0,102
Tim,Krul,Krul,280,14,109,2,1,FALSE,46,3,3240,0,0,5,68,1,2,0,4,0,131,10,668,1063,0,0,106.3
Michael,McGovern,McGovern,281,14,11,0,1,FALSE,41,5.5,158,0,0,0,6,0,1,0,0,0,7,2,46,65,0,0,6.5
Ralf,Fahrmann,Fahrmann,449,14,1,0,1,FALSE,44,1,21,0,0,0,1,0,0,0,0,0,1,0,6,4,0,0,0.4
Simon,Moore,Moore,436,15,3,0,1,FALSE,43,1.5,180,0,0,0,6,0,0,0,0,0,5,0,23,28,0,0,2.8
Dean,Henderson,Henderson,471,15,160,4,1,FALSE,52,4.4,3240,0,1,13,33,0,1,0,2,0,97,16,688,718.8,10,18,74.8
Alex,McCarthy,McCarthy,318,16,104,2,1,FALSE,45,3.7,2520,0,0,7,35,0,1,0,0,0,79,8,491,652,10,0,66
Angus,Gunn,Gunn,319,16,29,1,1,FALSE,42,2.9,900,0,0,2,25,0,0,0,0,0,30,3,166,219.4,0,0,22.1
Hugo,Lloris,Lloris,340,17,98,1,1,FALSE,53,4.7,1808,0,0,6,21,0,1,0,0,0,80,13,422,564.6,0,0,56.5
Paulo,Gazzaniga,Gazzaniga,341,17,58,1,1,FALSE,41,3.2,1612,0,0,2,26,0,1,0,1,0,59,6,300,449.8,10,0,46.1
Ben,Foster,Foster,366,18,137,1,1,FALSE,49,3.6,3420,0,0,9,64,0,1,0,1,0,117,17,686,904.6,10.1,17,93.5
Lukasz,Fabianski,Fabianski,388,19,83,3,1,FALSE,49,3.3,2117,0,0,5,34,0,1,0,1,0,72,5,414,531.2,0,0,53.2
Roberto,Jimenez Gago,Roberto,450,19,18,0,1,FALSE,44,2.2,686,0,0,0,17,1,0,0,0,0,36,1,134,239,0,0,23.9
David,Martin,Martin,553,19,20,1,1,FALSE,39,4,435,0,0,2,6,0,0,0,1,0,15,2,86,112,0,0,11.2
Darren,Randolph,Randolph,606,19,3,0,1,FALSE,39,1.5,180,0,0,0,5,0,0,0,0,0,6,0,27,49.6,0,0,4.9
Rui Pedro,dos Santos Patrício,Patrício,411,20,153,0,1,FALSE,53,4,3420,0,0,13,40,0,2,0,0,0,90,8,680,741,0,0,74.3
